cookie_id,score
ck_315fb710a0e371e7,0.06111224281931147
ck_a76ee3b3e3e522fd,0.8521083723772662
ck_94c9a4d382689e82,0.5599918517009574
ck_8eaf9509ad9462a0,0.03666734569158688
ck_9a88a5a989cb5bc6,0.28274597677734775
ck_15239ef0689c1a35,0.37054389896109186
ck_8de69cd219d3b87f,0.9545732328376452
ck_f92cd37022b0ce21,0.5090649826848646
ck_1a3ff7620580a514,0.10796496231411692
ck_397c03aa33a57310,0.9189244245263801
ck_a7cf6c3b322f6b7a,0.5003055612140965
ck_c39a9e75760e3201,0.3171725402322265
ck_88ab6d245228c38e,0.05683438582195967
ck_17733f75ebdea93e,0.2464860460378896
ck_58eb871e8d7bed52,0.5813811366877164
ck_e55b7fa67db1ec27,0.13098390710939092
ck_62f5cfe22c952694,0.273579140354451
ck_7fbb709a0fe95759,0.01588918313302098
ck_87abe9cd066a20fb,0.8910165003055612
ck_d58e058b5c553dd5,0.47260134446934204
ck_d27b872648b71202,0.13790996129557956
ck_4b4a3c5b95c55b43,0.03259319617029945
ck_66dd4f4b4127256d,0.030148706457526993
ck_93cc12703b500613,0.7930332043185985
ck_d28806a2179092eb,0.9971480953350988
ck_0595c2a0c7881e05,0.5610103890812793
ck_50087d8666191144,0.9276838459971481
ck_b08b3f089138c901,0.48095335098798125
ck_fe3b67041dad2dd1,0.27683845997148093
ck_8449a28f7d475d93,0.3811366877164392
ck_8642e3b6d84f49d3,0.8005703809329803
ck_e49b5e4f2f2e79db,0.9038500712976166
ck_437afe412ea4259c,0.8105520472601344
ck_569b83668d74042d,0.9669993888775718
ck_233a487d31c3e631,0.9926665308616827
ck_1fca72e03143a645,0.9722957832552455
ck_79205e31223df2ad,0.884294153595437
ck_9625a64406ea16e3,0.07537176614381748
ck_079bd18dacb704a8,0.8588307190873905
ck_4db6d4fd2b49aa81,0.3507842737828478
ck_0dbefdac0a1868fb,0.14015074353228762
ck_24ff97ad90bdd69a,0.6972906905683438
ck_77f8c5042065d506,0.4978610715013241
ck_f11be8ce05382cec,0.3819515176206967
ck_c9d72140b0389216,0.7245874923609696
ck_69eda24e931fb36a,0.1383173762477083
ck_ed471e496916ee15,0.07781625585658994
ck_ff090498c4b17ac3,0.35933998777755144
ck_c3c19d6a0720915c,0.012018741087797923
ck_af02e1817cfa40b5,0.8356080668160522
ck_2df5a9fc87553eb1,0.35363617844774903
ck_4ac918e884cff336,0.7547361988184966
ck_ca149244b54ef3ad,0.0236300672234671
ck_6babe5b8674ff51f,0.28335709920554086
ck_1573878386886290,0.21328172743939702
ck_3925f8565abb7fe4,0.22530046852719496
ck_c4de808ae69c771f,0.4807496435119169
ck_a777c813551281fe,0.5677327357914036
ck_df4424f6dd85080d,0.8052556528824608
ck_85e5494ec20383ae,0.635974740272968
ck_f71a4094e889c3af,0.18537380321857813
ck_f2f3cf9cd23b2809,0.6964758606640864
ck_18e2076397bcc211,0.8270523528213486
ck_c9f9fddef39bc664,0.7196985129354248
ck_7e826e233d6ea028,0.7724587492360969
ck_62fd7eb46bee9210,0.5834182114483601
ck_206f8e3cd72768f3,0.5936035852515787
ck_aa295a11b0a6ab36,0.2269301283357099
ck_9a56739d81f84a53,0.03524139335913628
ck_aa075c418ed9fe5a,0.6396414748421267
ck_62b9fb3db284941b,0.1525768995722143
ck_f4f83b1403ebea46,0.6838459971480954
ck_16b66bd803288bc3,0.9456101038908128
ck_c4ca1434f3778f1d,0.9910368710531676
ck_1b823610371a29c0,0.4096557343654512
ck_c2bd5a722aa637d9,0.31696883275616217
ck_7890208951df34f0,0.6369932776532898
ck_020eb0e454524ecd,0.053575066204929724
ck_3b66196ccf436c35,0.6017518842941536
ck_109fc467ec0a4af5,0.7911998370340192
ck_f3dcd818db92de7b,0.7606437156243634
ck_31e7742f160980ef,0.6591973925443064
ck_77fce5f86f00b8f4,0.8488490527602363
ck_46bc797b4d07d607,0.24811570584640455
ck_37899b1b571b1c6b,0.44897127724587493
ck_ef8a6af43fedd464,0.11407618659604807
ck_bcc8519fe8521038,0.52189855367692
ck_90696b7182dd9129,0.49337950702790795
ck_4a24ad61d017e1ba,0.8671827256060297
ck_0acc3d8c67218b9d,0.28539417396618455
ck_05c97fc9de11aba6,0.9390914646567529
ck_f8ac3a0500c0ec62,0.29211652067630883
ck_617b65141f546a1c,0.14279894072112448
ck_9d00823bf60388d7,0.5212874312487268
ck_123c15d93f1840f2,0.8266449378692198
ck_573feefba6bf78bb,0.8598492564677124
ck_b25657bd16739036,0.4986759014055816
ck_bd26d2bef14a8597,0.47097168466082706
ck_a553418f2fba1440,0.20167040130372785
ck_89f3e380b0686963,0.6410674271745773
ck_b359192aa659bdce,0.8757384396007334
ck_02241f3dc301bebf,0.4004888979425545
ck_5ccc1a1c78cb33ee,0.7233652475045834
ck_349cc5edda1b8853,0.8394785088612752
ck_e9f228845bf6e28b,0.6885312690975759
ck_0a45d033d4e280ea,0.3939702587084946
ck_7e63168dda612235,0.7166429007944591
ck_676fa5f6aae5475b,0.13200244448971277
ck_74b502b20690ccfe,0.7486249745365655
ck_073509af21dd7f5f,0.9806477897738847
ck_498a0acd450944d8,0.2756162151150947
ck_7f15b50b29dead01,0.15155836219189245
ck_8089fe7403c5f537,0.22285597881442248
ck_05b2b04e11d9ae9c,0.5929924628233856
ck_31e70f2f04b48b88,0.12446526787533102
ck_994316fa5a02b319,0.025870849460175187
ck_b76510998b9a2260,0.30617233652475045
ck_4db95c310e105d30,0.09777958851089835
ck_6f730b77dc6cdb84,0.1574658789977592
ck_2493ee8e7b91d304,0.13281727439397026
ck_92d679d6ac7dcdcb,0.8079038500712976
ck_3a0e0200cbb185cb,0.618455897331432
ck_0b2eeb4e00ff7955,0.774699531472805
ck_9843d0e61c37ebe8,0.9887960888164595
ck_e61c8721e3ef1921,0.0967610511305765
ck_2e0eedaaf2980c2c,0.5170095742513751
ck_9036b2e5e9298a34,0.4235078427378285
ck_3265442528d51728,0.3114687309024241
ck_f2ddae2eb1cb29b4,0.5760847423100428
ck_6cfa71d27fc27f92,0.5047871256875127
ck_f3199fbe84a28b9a,0.8484416378081076
ck_b78d785ca3ef773a,0.33469138317376246
ck_374865697f1480eb,0.41026685679364433
ck_06d0e4a9189302a9,0.8244041556325117
ck_9c9884b9bcaa552e,0.8533306172336524
ck_fd4cf578e87703ff,0.6583825626400489
ck_1917ef3e6e345549,0.6099001833367285
ck_e70418b00cbbbac9,0.5815848441637808
ck_a60388296a47062c,0.5353432470971685
ck_d598fe8d2c779ab9,0.5603992666530861
ck_646dc03de4c31803,0.9608881645956406
ck_e4fd8cbd842b6993,0.07842737828478305
ck_2225b555aa2a42ed,0.5434915461397434
ck_6be8ae9d78148882,0.31513546547158283
ck_4199342d3aca74e8,0.7074760643715624
ck_779581adb573261f,0.34650641678549604
ck_bb303568b6915205,0.6076594011000204
ck_17c4296276448afe,0.2128743124872683
ck_a60a61ac829252a0,0.3188022000407415
ck_6ea70950c1cae00b,0.9830922794866571
ck_1abb93f6924645e1,0.44184151558362195
ck_faab769cce19879a,0.6005296394377674
ck_d5b8e74e7ca6355a,0.6314931757995519
ck_f11f7691af16ad07,0.047667549399062946
ck_188fdf2be7c92e9d,0.9997962925239356
ck_4a103f8254b366f7,0.6420859645548992
ck_bfa17a0b1760e616,0.20330006111224283
ck_a4d7f6a5869d440a,0.9700550010185374
ck_58e20f5a3e7f11b8,0.9091464656752903
ck_4becdd3d2696c7ba,0.5510287227541251
ck_dad5cf32ab9f243f,0.3953962110409452
ck_7d9f73dc7c4f90c3,0.8506824200448156
ck_c19371047a2d011d,0.018741087797922183
ck_247589ff532f7aa8,0.6125483805255653
ck_7a9f241d5f082567,0.36504379710735385
ck_0a2b7078736b4dda,0.3658586270116113
ck_687b412e2aac7eb6,0.4241189651660216
ck_fce0b6855886a0b8,0.09431656141780403
ck_e291cc60920456d0,0.8730902424118965
ck_04219a7ea798db51,0.4061927072723569
ck_286bfd719836e9f3,0.8912202077816256
ck_55efc92394fee232,0.45080464453045427
ck_e36c8da1bd359960,0.6993277653289875
ck_34b0988a97d96902,0.3238948869423508
ck_e0fb11fc9dcb34e6,0.3966184558973314
ck_bcc9cbc9ed8b7c31,0.43837848849052763
ck_3df8da6f60a89a5b,0.5546954573232837
ck_b1495ee5c59a6b28,0.4958239967406804
ck_58f4c3ac61fda129,0.8828682012629864
ck_735f244b99e3aa8d,0.4717865145650845
ck_6b93bd8abf87b1d6,0.9863515991036871
ck_12107dacc6d05bd1,0.1725402322265227
ck_f96db2a1f3448d1f,0.6887349765736402
ck_8fd91a3c99e19097,0.9234059889997963
ck_910205d25388a0ae,0.044611937258097374
ck_d229dfa0e4442628,0.0022407822367080873
ck_7cdec61e1c488798,0.9134243226726421
ck_f66f06e24ff32671,0.4893053575066205
ck_350bf14e90b503f5,0.508250152780607
ck_61fff5fdaadd394b,0.08861275208800162
ck_e934f984bad2ff91,0.976981055204726
ck_ff6a6d3547dd2d37,0.8170706864941943
ck_65ad9b15979e3247,0.2721531880220004
ck_bbe1a2ea5a403ad8,0.9215726217152169
ck_6f3a28eecd2c4031,0.6044000814829904
ck_a89b66665714058f,0.31045019352210224
ck_918c92182b6817cd,0.6928091260949277
ck_64f5eb4be9e7b8fa,0.9327765328987574
ck_d021fd497ea35fb2,0.6245671216133633
ck_004de16f7d8a42ae,0.5259727031982073
ck_a33d2325f86ab12d,0.17131798737013648
ck_89790ff26c844bc6,0.15237319209614994
ck_e6e7257377c37b28,0.8203300061112243
ck_a2cc3910a641a808,0.9299246282338561
ck_646e270e0195bf05,0.3031167243837849
ck_baba5d66def0d770,0.789977592177633
ck_67cdcdda3033842d,0.9177021796699939
ck_b5c3075c811a2216,0.5553065797514769
ck_515379973a8044b8,0.23650437971073537
ck_c0ce85fb4109567d,0.7983295986962722
ck_fef850553862aaca,0.36422896720309633
ck_55d7217b0aff9fa2,0.3994703605622326
ck_8e139f8925ef7968,0.3316357710327969
ck_9e35b908fca1e4d7,0.05744550825015278
ck_59735f4ab2ad3da5,0.4481564473416174
ck_dc569c1167ccec0d,0.9337950702790793
ck_1dade5592f90a15c,0.7304950091668364
ck_793048d11fb8b328,0.9024241189651661
ck_545b71eb4fa594b5,0.4076186596048075
ck_bd30853e9a57b544,0.70503157465879
ck_59f46321ecf6d306,0.22794866571603178
ck_260cfe9141d249f1,0.8252189855367692
ck_3365a0ad1a8aa83c,0.27826441230393156
ck_b0ef193195a2138b,0.3611733550621308
ck_0f909705e2e60f2f,0.3069871664290079
ck_5a540b75c866166a,0.5088612752088002
ck_87c26b2f41025109,0.9904257486249746
ck_27acc9f320cda104,0.909553880627419
ck_a27bc31eecd9cb9a,0.37359951110205747
ck_115d86fabde77b65,0.09227948665716032
ck_eeca179341d56f8a,0.9374618048482379
ck_8e5999c436cf037e,0.020167040130372786
ck_510e7c5df1f95d90,0.9920554084334895
ck_f1acf73363925958,0.33570992055408433
ck_3c177f5970b68bd3,0.5129354247300876
ck_9cdfaa1c30cc9d32,0.19861478916276226
ck_c8efa1538b37c359,0.710531676512528
ck_a8a2e296f9804bd7,0.486860867793848
ck_91a0ca45f429568d,0.34487675697698106
ck_5fdf8a0bdbd3ed62,0.6101038908127928
ck_0f4e2ec66d50da5f,0.38622937461804846
ck_28c53b214b2ee882,0.8779792218374415
ck_003148504557f720,0.7003463027093094
ck_01d840cffb870615,0.9034426563454879
ck_555848d51f4b5f35,0.28213485434915464
ck_df20cc23b8fb8e22,0.3680994092483194
ck_f9604adde929beff,0.1531880220004074
ck_d66952b03591bdec,0.20431859849256467
ck_ddcac1ab765ff61a,0.7999592585047871
ck_347386629d96c664,0.5689549806477898
ck_ab01db9117acfe3d,0.37115502138928497
ck_58e5359efc52e0ad,0.3558769606844571
ck_1a524b5cc8da71b3,0.4878794051741699
ck_e9287b6d909d731f,0.15359543695253616
ck_bb41a66e3d90263b,0.733550621307802
ck_e95c8cc1864bd584,0.03300061112242819
ck_7a3f2961e9a8b6dc,0.30128335709920556
ck_378a9df82b1e0bee,0.8855163984518232
ck_42633573639a3f02,0.9947036056223263
ck_2a5a4c18c2c7274b,0.43960073334691385
ck_77549c1a41f837c3,0.3483397840700754
ck_a26704b5b26258b7,0.15889183133020982
ck_9874ad160efddf50,0.9213689142391526
ck_9111e3a04b14dfba,0.7667549399062945
ck_651e076ee43aea85,0.0694642493379507
ck_391639c0f13932f3,0.08555713994703605
ck_02dbabda93c8c13d,0.6284375636585863
ck_0adcb1fffcb0a34b,0.33082094112853944
ck_7a43ef9c7b1c67b5,0.014666938276634752
ck_4b9dd69946438d0b,0.538398859238134
ck_90bf017cdd37b66e,0.6066408637196985
ck_61c74163eb36556e,0.3544510083520065
ck_13376c59b5bd6943,0.2570788347932369
ck_62337eccb1672737,0.5591770217966999
ck_16077934338472bf,0.010592788755347322
ck_0d4dfd93086e7330,0.312487268282746
ck_3865b7525b910893,0.5771032796903647
ck_7e2ae8b69ebd5675,0.33122835608066814
ck_b4384b6c11766ce7,0.2509676105113058
ck_3d7fa32dfb9fc692,0.6985129354247301
ck_f4a6a7cadd6e0603,0.8074964351191689
ck_212525e2828a6c45,0.18822570788347934
ck_33ad8d53394ba77a,0.9692401711142798
ck_a5051eafe8b51224,0.5561214096557343
ck_f65e5ff7da565f91,0.4375636585862701
ck_5c37f7563fa7591d,0.41984110816866976
ck_f1e0a006068aff29,0.38724791199837033
ck_c646cdead6fb79d0,0.14503972295783255
ck_f8b3cdffef535330,0.8924424526380118
ck_e5cdbe3aa12c97f6,0.25850478712568753
ck_986e4e61440506d0,0.9321654104705642
ck_6da9c5912e15d9a8,0.38806274190262785
ck_51d842e6dae74c71,0.40924831941332246
ck_5fc65c24e0736d5d,0.9894072112446527
ck_babb95a76c69509d,0.859645548991648
ck_86a2d852a9715432,0.7932369117946628
ck_db4083a0d043def8,0.8849052760236301
ck_96953b8945b7d403,0.23344876756976982
ck_7831ca5c31fb3859,0.8199225911590955
ck_60ac5e5f375daa38,0.24037482175595845
ck_05d44eb1f5f085ce,0.6253819515176207
ck_432cc19c7eeaa46e,0.3082094112853942
ck_7fc513033af061af,0.8673864330820941
ck_ada6ede84c111719,0.10348339784070075
ck_6343e0d3b1c2962b,0.6455489916479935
ck_010264ae04f2e902,0.877775514361377
ck_e9dcf535f8c289eb,0.8714605826033816
ck_37143d9cc296e6fa,0.5359543695253616
ck_61fa051192f3e810,0.5997148095335099
ck_f9f93d1d41be1468,0.9639437767366063
ck_c4f4f28457be8a74,0.1890405377877368
ck_323a71f9452d21cb,0.9623141169280912
ck_170f4688e0acd875,0.8728865349358321
ck_869b1878d09d230d,0.9101650030556121
ck_2f6b33bf46976229,0.1896516602159299
ck_b11e22e75d9b99de,0.05092686901609289
ck_123d75ffb75b606d,0.19372580973721737
ck_94295287a04c85d2,0.9466286412711347
ck_1b0434f096795328,0.05724180077408841
ck_0a4e191cd0a57ce1,0.2479119983703402
ck_d2fbd0df99634676,0.5064167854960278
ck_d51df5e9fbbbcc94,0.7520880016296598
ck_2d3d7d64a6f443f8,0.40415563251171316
ck_731943c682c9394e,0.3460990018333673
ck_5ccc0c94e5e1f849,0.6618455897331432
ck_c3476080516db25d,0.7557547361988185
ck_5010ffb1c94187b5,0.1161132613566918
ck_7ef666d67bc70223,0.43735995111020576
ck_c1b493527224a27a,0.14585455286209004
ck_5d1e25d7acc5af9a,0.3803218578121817
ck_ec30b61cbf517db8,0.23385618252189855
ck_79323eb5d2e5efae,0.5300468527194948
ck_4085cd3bf2661518,0.4178040334080261
ck_2ca91214c357c072,0.8675901405581585
ck_7f3132d6be389657,0.8388673864330821
ck_e7a6b925c8f39a85,0.766958647382359
ck_c886adec7bac250a,0.3613770625381951
ck_c3f360c2d0ea0a37,0.44061927072723567
ck_a7acd5b015823793,0.4538602566714198
ck_9d64187c0800f84e,0.8875534732124669
ck_5d4ed73b9efd7d11,0.2485231207985333
ck_874eca6776b34dec,0.12711346506416785
ck_96a9221a87be93c3,0.3788959054797311
ck_68dd79a51eabf5e6,0.717661438174781
ck_8311cb6755b2016c,0.21796699938887756
ck_16fc77b2bcf5ec03,0.9706661234467305
ck_ad9e2088a33c8c72,0.04379710735383988
ck_7176bbc97b1e42a1,0.2670605011203911
ck_80dfa54b30f65fff,0.9714809533509879
ck_31c54d540b128843,0.22163373395803626
ck_43ea894480567274,0.8089223874516195
ck_9c9e8a38bd5a6c88,0.7131798737013648
ck_1c2dcae19539e148,0.490120187410878
ck_b0fa8b84e94d8ae0,0.6614381747810144
ck_4ceb43ccd0a81c2f,0.567936443267468
ck_ba845332b730b596,0.13709513139132207
ck_73d3e8c6077f61e6,0.8767569769810553
ck_b5d0d223ef56473f,0.46689753513953963
ck_949f08f8e80e93ea,0.2532083927480139
ck_73de0b49709e5f8c,0.3051537991444286
ck_b5935e9722a39819,0.843756365858627
ck_96247fee0eb44420,0.23935628437563658
ck_a6def1e4b2d57e0d,0.7859034426563455
ck_aecdc5a96321a2d8,0.7500509268690161
ck_bc61c59970f8de49,0.5758810348339785
ck_c43b4175fc9ac5bd,0.9504990833163577
ck_8ff7a9b23a55fd62,0.07985333061723365
ck_20c99b645f462449,0.2507639030352414
ck_a5ce2ae36fb410d9,0.08902016704013037
ck_96fb9bf556842bbc,0.5675290283153391
ck_b5e4c6dbbed1b773,0.5878997759217763
ck_2085433978e72ea9,0.7400692605418618
ck_2c6b174b063ec637,0.34365451212059483
ck_b20b81b88dabe28d,0.2487268282745977
ck_243c18dbf150831c,0.2739865553065797
ck_2bb6a17e8eee35cc,0.8030148706457527
ck_66147fb994495396,0.8818496638826645
ck_73f124f075ede0fc,0.26176410674271744
ck_2e315f1b1e533dab,0.07577918109594622
ck_16c7bf94ed3e7a6f,0.2699124057852923
ck_4a0eae220a762ac5,0.49663882664493786
ck_dc16f939c2f44ad8,0.8280708902016704
ck_817926b449754917,0.4359339987777551
ck_0c0dde42ab64ef87,0.25911590955388064
ck_cb3a40594da6a2ee,0.5736402525972704
ck_d0dc156441fcfdcb,0.7995518435526584
ck_66f0945add423e9e,0.2943573029130169
ck_a74f6a3030f5d495,0.9036463638215523
ck_1ae460f331e49ae2,0.8129965369729069
ck_2d177b2f4f0b40c9,0.9162762273375433
ck_92e474e4368c4791,0.4090446119372581
ck_3dee83fa2d109484,0.1798737013648401
ck_80e5ea27848069fe,0.4485638622937462
ck_ed0c4a83701ca230,0.5540843348950907
ck_0b8b7c5c581fd161,0.052556528824607866
ck_60bf8a2870956fb1,0.23467101242615604
ck_73a54b56a2bf35fe,0.950091668364229
ck_2296d7a563424883,0.2134854349154614
ck_bc19c383560c7477,0.47076797718476265
ck_861d8e3d88f1079e,0.763699327765329
ck_3f090fc96c24eb28,0.17213281727439397
ck_9a6a1f8102febfca,0.6553269504990833
ck_541b6ad5d2fa5a39,0.20655938072927277
ck_a760d38d1bc4de97,0.37563658586270116
ck_7dca4d7ee10b4eeb,0.14300264819718883
ck_15220e78d1545e40,0.799348136076594
ck_ca24bb0de508efb0,0.6235485842330414
ck_56b389627d8f02c5,0.9824811570584641
ck_48a6754977a44db0,0.20228152373192096
ck_333a43ec339a04cb,0.7608474231004277
ck_f22aacaf86a65d7e,0.8816459564066002
ck_04bd8a1ffaf3ffd8,0.038704420452230597
ck_2737a72de6b700f3,0.8824607863108576
ck_c35e03b0dd0c3454,0.30107964962314115
ck_e0571312f395cd94,0.16622530046852718
ck_09fab6b9825001b2,0.10042778569973518
ck_18c3a095606209e8,0.6158077001425952
ck_2a97db9377d01e36,0.16785496027704216
ck_f29dbbfdd2786bd1,0.563047463841923
ck_35d6c510ad29362e,0.9578325524546751
ck_5468fa99c945d785,0.8690160928906091
ck_6f8102f62c876cc9,0.8262375229170911
ck_91955aab3424ad16,0.16846608270523528
ck_9a43c0c73a39d759,0.5502138928498675
ck_60b023af6d1e30bf,0.938072927276431
ck_9704c5cf8659cedc,0.36056223263393766
ck_7e5f02b51b9f78bf,0.7863108576084742
ck_7d3a88d1aa649708,0.9409248319413323
ck_8250eddc1ecb07a0,0.7270319820737421
ck_d979ef95ee44023d,0.36484008963128944
ck_5e5461dac83531ac,0.7021796699938888
ck_d1bb8890081e0a31,0.8233856182521898
ck_32246c62640648d9,0.007333469138317376
ck_77a40c7d2f862a32,0.5940110002037075
ck_1c8b94efe9238f5b,0.19454063964147483
ck_eaf3b6d11bc3cb11,0.19311468730902423
ck_a4a7ef3ad799c380,0.5396211040945202
ck_d5bd8f68da073cd8,0.41311876145854554
ck_6e6258227fc8db7f,0.13424322672642086
ck_c35d444e05799db6,0.4974536565491954
ck_74665e1209140ae8,0.6251782440415563
ck_353a272478f7e903,0.095946221226319
ck_a2c9796ea229a4e2,0.20207781625585658
ck_e0171f91cb3411fe,0.7687920146669383
ck_703499f5410280f7,0.18150336117335505
ck_ae3a763997f8f385,0.6903646363821552
ck_f7ff94c3df5ac874,0.6756976981055205
ck_f3c16d8f747db046,0.6793644326746792
ck_7ef019ed77276496,0.3373395803625993
ck_d6a4faadab58a3de,0.7728661641882257
ck_ba7b78d31d74c794,0.4493786921980037
ck_36287d063350ce9d,0.3399877775514361
ck_5177fc7137ff26ce,0.10776125483805256
ck_dfd4e79aaa967b63,0.42106335302505604
ck_fb44d15fb93a7157,0.7789773884701569
ck_fca478361870a4ca,0.3723772662456712
ck_e57b94fe57341058,0.5461397433285802
ck_5448c946cc4758fe,0.41922998574047665
ck_c5ece5ffb8800ad4,0.25809737217355877
ck_11cb98211b2ed134,0.957221430026482
ck_f655399ac75c4450,0.48258301079649624
ck_c817259019588d30,0.5086575677327357
ck_8740a14d8096c6e1,0.7773477286616419
ck_0c5ba86f4e05b38d,0.48767569769810554
ck_ccc917533d4b73d4,0.11224281931146873
ck_9eb80edfa43203de,0.18517009574251375
ck_d1a1cf4cf61d6801,0.4768792014666938
ck_b17c239f160e6017,0.2356895498064779
ck_410c3e13b48e0415,0.28254226930128334
ck_ab553954435e8854,0.9574251375025463
ck_bdbb4230c91e1604,0.6139743328580158
ck_8fd4937eadd64fb6,0.12507639030352413
ck_e0e90b196bef3c11,0.005907516805866775
ck_3dc4d464386f0eb2,0.8867386433082094
ck_51bbbf8f8e8ad005,0.9973518028111632
ck_c05737ab74cf03c6,0.9197392544306376
ck_dceabbe04d99afc2,0.06987166429007945
ck_5b86fd14e85bc9c7,0.9649623141169281
ck_d4febf0083800424,0.7093094316561418
ck_77d9f86dcf251739,0.6490120187410878
ck_b4dcebc543deaafb,0.6691790588714606
ck_cb856e75c949b0cc,0.002444489712772459
ck_61b067de8ffc1ca1,0.7158280708902016
ck_c0e8560ccfd9dd9d,0.3194133224689346
ck_173e1198c341087b,0.08005703809329802
ck_b4d55bc809000276,0.8576084742310043
ck_839bf139296b5cea,0.9297209207577918
ck_78cd402a2a4f2e35,0.10083520065186392
ck_c2925c50ebacbdba,0.42432267264208595
ck_5e3bc76eddbdb0a6,0.09289060908535343
ck_b7793edca26fc512,0.33917294764717865
ck_d79bdf04d6f31cd5,0.10205744550825015
ck_4b97d19ed946f503,0.668364228967203
ck_37139b41c5370523,0.8303116724383784
ck_8c346eeefa9ce692,0.5227133835811775
ck_2ab7eddee2d8c49e,0.0723161540028519
ck_29da59ea3bffb9d8,0.839885923813404
ck_c1d05ef0ec6e4be7,0.3562843756365859
ck_3882423b449f6291,0.9800366673456916
ck_5647030283171ed5,0.9427581992259116
ck_efbdcd9c181e72ca,0.2448563862293746
ck_192fdad892782daf,0.8708494601751884
ck_0bf2e13b9f2601ac,0.6791607251986148
ck_3d6046a533057795,0.09390914646567529
ck_279a1d3a3836e5cc,0.8891831330209818
ck_c375e929becde422,0.45528620900387046
ck_a59e90219939a1f0,0.11977999592585048
ck_4e9fba1ec54c3ff8,0.7174577306987167
ck_bcbd8588a13f5eef,0.09166836422896721
ck_5f9a7ff990341bdd,0.33408026074556935
ck_e0403d507519b7d2,0.17804033408026074
ck_c9490cb61aff5112,0.8368303116724384
ck_41dd44308e6a665a,0.8317376247708291
ck_76c23726cd7ca947,0.2817274393970259
ck_9be551300209fa83,0.6616418822570789
ck_a98848eec6c9581e,0.6149928702383377
ck_61176dafb33b2d8a,0.9443878590344266
ck_92de019e05971ce3,0.7584029333876553
ck_5d644224135d7c65,0.37502546343450804
ck_c767fc454fa215d0,0.28030148706457525
ck_5df85a8924e11f27,0.7799959258504787
ck_da2729307af06ed5,0.7062538195151762
ck_7c6b577174af7a78,0.28091260949276836
ck_893b8afbe11301e1,0.47524954165817884
ck_e06f6fed020ae014,0.3982481157058464
ck_386680372fb54857,0.22081890405377877
ck_7a7f3c4fe0c9d2ca,0.1590955388062742
ck_f908b527c4db422d,0.6082705235282135
ck_ec2eee6a133e9a6f,0.8032185781218171
ck_d98934f9fe0b02b3,0.07068649419433694
ck_398a1ed77b0130e5,0.7025870849460175
ck_d960af7a55b892b1,0.7416989203503769
ck_4637e54a9f79e2e7,0.24220818904053779
ck_02b9f418524f6650,0.16541047056426972
ck_d4b23804cebb045d,0.6310857608474231
ck_35b1939c48182a9a,0.42778569973518027
ck_2dcbb71e39d64305,0.6351599103687106
ck_47a884dec960ff2d,0.4434711753921369
ck_71fd8c346fde5cca,0.8504787125687513
ck_98e1992ac8e7d2de,0.38500712976166224
ck_ae7780327e210522,0.5838256264004889
ck_e6c584b4b1ad6d9d,0.5029537584029334
ck_344b2e326a6c3dcc,0.023222652271338358
ck_9aa899a5230b0963,0.6204929720920758
ck_e48d14d5b70ef5aa,0.7286616418822571
ck_59d380a0973b3951,0.4664901201874109
ck_11318f7c041a5ba9,0.36850682420044817
ck_7061786fe2f22f5a,0.6604196374006926
ck_e77529651c416cf7,0.4306376044000815
ck_7f79878197340435,0.27541250763903036
ck_b0a0fb0ee9ebf106,0.41719291097983296
ck_70c7679199776a90,0.35832145039722957
ck_b9facd2210daca5c,0.8702383377469953
ck_9949f53c155b8dde,0.6848645345284172
ck_1c607e24f2c4397a,0.7437359951110206
ck_aefd1ce3ce093cbd,0.1366877164391933
ck_5a29b7018e43280c,0.051537991444286
ck_69eb0b2ccfbe5f95,0.5836219189244245
ck_fe037765aa465c58,0.206151965777144
ck_5e512ef5362a3dd6,0.35567325320839277
ck_544a9e80b7fdc279,0.2385414544713791
ck_7825494e654d5695,0.6524750458341821
ck_f1f2c3c623553f0d,0.06885312690975759
ck_52730906e5b461eb,0.9423507842737828
ck_01e0689157fe9617,0.9284986759014056
ck_9da82e567074da9d,0.6007333469138317
ck_6a17384072f904c0,0.26583825626400487
ck_8d84d771a21942a7,0.11326135669179059
ck_39638880292782a7,0.20248523120798534
ck_7d51c86e0eec72ac,0.5210837237726624
ck_45f4c821c70d134f,0.9266653086168263
ck_0af3c13ba56ce57c,0.35098798125891223
ck_0789a05e061b2784,0.923813403951925
ck_6ba091eb42ffa9fb,0.8158484416378081
ck_265accb3c5c32620,0.8107557547361988
ck_179039559ff7566c,0.5571399470360562
ck_17c0a6a92b5765cf,0.5373803218578121
ck_59371c9140239fd7,0.5072316154002852
ck_f9c4f8b4ce2691f0,0.6353636178447749
ck_a2637e4872cf4811,0.9060908535343247
ck_1de43fd6c6c22a5f,0.762069667956814
ck_6e4f31bd108571f0,0.04909350173151355
ck_da06d97db0b18851,0.16459564066001223
ck_e0346d5081e640e8,0.6726420859645549
ck_c1c7d4e62c9fcded,0.8979425544917499
ck_2595669e421299f6,0.747810144632308
ck_3b6057d51fd4c7d6,0.4948054593603585
ck_c5f8ab515840a0fe,0.7225504176003259
ck_435cb24538c6f77c,0.7298838867386434
ck_d84b5403da4cea7b,0.753310246486046
ck_c2b61a98d1c8f6dd,0.9333876553269504
ck_c9dcd92b2f836b61,0.9052760236300672
ck_9eb5b3f5f672c2b1,0.08535343247097169
ck_e4cf189a8d31649a,0.15848441637808108
ck_6b114f2a48152b96,0.1755958443674883
ck_3fb95862b70f505c,0.7722550417600326
ck_7f780f465c29398e,0.09839071093909146
ck_ee387f9da79e67ea,0.6225300468527195
ck_fa3b1e85d27af2ee,0.7683845997148095
ck_e739eaaa7a1822f2,0.4870645752699124
ck_dfa0ac11fcb1dabd,0.08677938480342229
ck_6e8751b571ea54d1,0.5100835200651864
ck_2d695f8358383092,0.7484212670605012
ck_e7dce27edb700f27,0.34915461397433284
ck_e322da8b213eab52,0.13546547158280708
ck_d0b32e039abb8200,0.23263393766551232
ck_b354003302b272ca,0.2723568954980648
ck_f7485cba392bc294,0.9229985740476675
ck_d6a290ff8362c7b9,0.85088612752088
ck_c56a44fe315c0389,0.16011407618659604
ck_f77dfe6512eae322,0.5137502546343451
ck_35fe969c58b9e70b,0.7820330006111225
ck_4c518637db2322d5,0.9372580973721736
ck_cb61902798ecc4fd,0.8737013648400896
ck_56e6cfa32156a916,0.4705642697086983
ck_343e6ed2b9d35c01,0.40802607455693624
ck_51440f64f7250ad7,0.5483805255652883
ck_295bca29c34cfe2e,0.7467916072519861
ck_dd30558576b45e7b,0.2923202281523732
ck_3a30132a57181fe3,0.760440008148299
ck_4a733aeb833406f4,0.01568547565695661
ck_1b0b7c3d35ab1259,0.5663067834589529
ck_962c3bbf27cd4b80,0.8343858219596659
ck_9528e1d6b1707870,0.6712161336321043
ck_b3263e7f31aab45f,0.7139947036056223
ck_e69195a3c885053d,0.13566917905887146
ck_a907fa8795cd4baf,0.22733754328783867
ck_205c3405045bd835,0.3287838663678957
ck_e81fc223bed3c46a,0.5206763088205337
ck_363751deae40edfb,0.815237319209615
ck_6176baea8cbebbb6,0.3253208392748014
ck_633e6579f5c74a5c,0.9792218374414341
ck_ddc11fc481eef58d,0.27989407211244655
ck_e975002c979e12c7,0.8423304135261764
ck_8e039b23acaaac00,0.8932572825422693
ck_1d6990d94a4d2ad6,0.7349765736402526
ck_e7b583acaa3171a2,0.7463841922998574
ck_c0133f60d39b2fb5,0.6339376655123243
ck_7d6bff85e7a694bc,0.1254838052556529
ck_d305b4d82f63f647,0.21042982277449582
ck_22bd0fc71f95e048,0.7742921165206763
ck_9a65fcfc7916f93f,0.14442860052963943
ck_d61c837b0106085a,0.8472193929517213
ck_be86a1db08dea456,0.6807903850071297
ck_90489c405e6886d8,0.12161336321042983
ck_0add2c321d579d75,0.8111631696883276
ck_482dea6eed92cbbc,0.20492972092075779
ck_c24b47184534cc2c,0.9828885720105928
ck_fa04ac31e596e7d6,0.5887146058260339
ck_084322dc5a3a86f0,0.4691383173762477
ck_ccb72a33cc1877b7,0.4833978407007537
ck_afaf374009d3b248,0.40374821755958445
ck_b53084ffede19a8e,0.179262578936647
ck_4760216154c8cac2,0.9484620085557139
ck_37ad3a65db673e70,0.14666938276634753
ck_0c2932cc0d553694,0.5508250152780607
ck_86b853c52f20fef5,0.35424730087594214
ck_38703b7546d35a80,0.6467712365043797
ck_218b7e6e6dbd2da0,0.23894886942350785
ck_402db4184982fdf5,0.502750050926869
ck_f917c82af80e4a79,0.8549602770421675
ck_3c6417a233c68c73,0.6261967814218782
ck_98068c397d70dd3a,0.5441026685679364
ck_b1cbd6679c0f8d95,0.2083927480138521
ck_9e962f9bb0e7bac2,0.3717661438174781
ck_b08247c3ad567d92,0.9651660215929925
ck_3ef7a03ebb81cfe3,0.030556121409655735
ck_5d7ae0e3562e99bf,0.7810144632308006
ck_c91a628236baf91b,0.8586270116113262
ck_7f8e816ca51755e3,0.9653697290690568
ck_5aadd286d188f5c3,0.2075779181095946
ck_a037aff5f8128c73,0.3597474027296802
ck_5df6529ce8290906,0.45854552862090037
ck_5f3609511443e5a8,0.1375025463434508
ck_a6f61864fac3c8fb,0.35037685883071906
ck_2733fc6ba23ae46e,0.6952536158077002
ck_22bfb9246646eb41,0.9319617029944999
ck_bfc2a57d8fd1610c,0.9525361580770014
ck_49839e761d0e74e9,0.38459971480953353
ck_aa4ba931dd37481d,0.08942758199225911
ck_2f9fa0d61829f815,0.5265838256264005
ck_5b82c774df10d49b,0.045223059686290486
ck_411219470d0a195c,0.6349562028926462
ck_d07485ba10514a2d,0.9014055815848442
ck_219bef979ee21bdf,0.09574251375025464
ck_eb1006e7285184a6,0.34691383173762474
ck_fd242b18575e3063,0.4666938276634752
ck_95188150ff059c70,0.8019963332654308
ck_a9ca2f447b984a6a,0.6761051130576492
ck_2dd39723c4088b64,0.6151965777144022
ck_aa2b4c662ff213b6,0.7254023222652272
ck_1867b1199c864db5,0.5754736198818496
ck_850ec97a5a0dab9a,0.5420655938072927
ck_562320295fa35875,0.06335302505601956
ck_bab5759b07fe2bea,0.04787125687512732
ck_b9f1465d803e57b2,0.6131595029537584
ck_8f21f2690c32c691,0.7408840904461194
ck_df87d6f61a63eb21,0.3438582195966592
ck_770475876d0e7e6a,0.532898757384396
ck_b4c014d5c0cc9eb2,0.23670808718679975
ck_3add4d23124c9290,0.2578936646974944
ck_bce5b7fecfb6264d,0.8392748013852108
ck_604c17cb97dc89be,0.8649419433693216
ck_e52cbcd9aafd26b2,0.4766754939906295
ck_0ac9114076f5bf3d,0.20004074149521286
ck_dcc125b178b79566,0.10185373803218578
ck_4e333c09f0c37dee,0.44245263801181506
ck_ff7e31ff8ba731e5,0.2786718272560603
ck_8d0532d24f1070d1,0.01670401303727847
ck_3689fa41748a6f6b,0.8284783051537992
ck_7509eb97c1948b16,0.5247504583418211
ck_a9161cf1ca22a6bf,0.21959665919739255
ck_bed3e3db135b782e,0.3446730495009167
ck_9040edd974ef8e3f,0.9364432674679161
ck_fac32d76ed40f683,0.2621715216948462
ck_3d7b1078e2d57c69,0.3381544102668568
ck_dae09c4e074af5dd,0.5176206966795681
ck_fd84507228467b40,0.7113465064167855
ck_e2a2ce9b8cf44c63,0.3511916887349766
ck_cbe716f351d660d4,0.45569362395599916
ck_cba4162ef29a6d27,0.6701975962517824
ck_4f1e962ff8a29732,0.33774699531472807
ck_39a81899dded61e4,0.3430433896924017
ck_25382331551d22a5,0.39091464656752906
ck_6d64e1c07b19856e,0.8184966388266449
ck_165a868bdef28ad3,0.8840904461193726
ck_88774ae52e30e877,0.8608677938480342
ck_fc7a9d0643570053,0.1395396211040945
ck_c2017120b3b88a46,0.39152576899572217
ck_d115ac6b9fd62a7e,0.5094723976369933
ck_439cf7d51ec7de0f,0.3181910776125484
ck_2468a7e9e68a0927,0.3764514157669587
ck_7c418947124dee8f,0.51863923405989
ck_fb0cf32c4a56f740,0.3617844774903239
ck_694eb6c43193afd4,0.2644123039315543
ck_993beb188dd4abb6,0.22611529843145242
ck_77fa39d3b733c226,0.916683642289672
ck_49969a9abc47cb69,0.4913424322672642
ck_d3f44bbe2f7e9b2d,0.1933183947850886
ck_fcf5b8216d0c18ef,0.036871053167651255
ck_daefe1e2d2bc362d,0.3911183540435934
ck_9c9287cb28950eb6,0.5858627011611326
ck_c1d1a625b885a975,0.45793440619270726
ck_71b37fe47490b4ba,0.3976369932776533
ck_5d16e257c0635f7e,0.9382766347524955
ck_15918075563eb074,0.10552047260134446
ck_9a15fdefc47e8d11,0.4436748828682013
ck_6f04d047d1dde75e,0.06701975962517824
ck_1af2c0b3b8d202c1,0.5901405581584844
ck_174be2231c5fd2b6,0.03422285597881442
ck_bb0713a2a1d65982,0.4414341006314932
ck_0daec63bd5b0729d,0.7551436137706253
ck_c0b5cc3e8ad2ff44,0.6842534121002241
ck_35bee1fc12664644,0.8836830311672439
ck_a1c7cf63467df4c2,0.2226522713383581
ck_ecb1e15f0b185ceb,0.8610715013240986
ck_f280d31f54a4710a,0.7203096353636178
ck_30f4b2ee8abe1342,0.6600122224485638
ck_66bed631354de5b7,0.14748421267060502
ck_c2d3ecd7278eba2c,0.3088205337135873
ck_e901dec0e09eccbb,0.19168873497657363
ck_5d038ecb3c8748a3,0.15726217152169483
ck_283c5bea94b21e80,0.12344673049500916
ck_7956c251b85f009e,0.9433693216541047
ck_9f5f81d771146aa1,0.027907924220818905
ck_9323e6fc1e168eda,0.9625178244041557
ck_10495d3a635b8d69,0.5966591973925444
ck_1982d571cd36eb0c,0.4628233856182522
ck_4f5d7985bcc2eda4,0.11081686697901813
ck_7df526b2b4410bb4,0.4318598492564677
ck_dbb498b1a346a402,0.3245060093705439
ck_ef059997563e3330,0.7156243634141373
ck_02ec4e06709e6b82,0.12202077816255856
ck_9782c86ba6485f88,0.09696475860664086
ck_d69de468b44143ca,0.20024444897127724
ck_6430a8792f400e0a,0.38215522509676103
ck_8285bd3c90af94f6,0.32470971684660827
ck_985c9ca112000e9a,0.6663271542065594
ck_e679fbf4f4f4aa07,0.25952332450600935
ck_016e8c8eaf9d511b,0.8832756162151151
ck_bc996c523944644b,0.5785292320228153
ck_5b8315726f6204e0,0.5532695049908332
ck_78181f8e998e442f,0.1411692809126095
ck_71c68dfd011dbbbe,0.9735180281116317
ck_db32c95ce2b6f502,0.9582399674068038
ck_755010362a9b1bc4,0.6911794662864127
ck_114141d85256c9ff,0.028315339172947648
ck_9d1a5cf5a3b87e48,0.24444897127724588
ck_ab640420858ab5c4,0.8692198003666735
ck_97a8dac48dd62488,0.8677938480342229
ck_879cc3166fe1bada,0.30046852719494804
ck_b0ed11080076e381,0.2163373395803626
ck_7334a9ec656263b2,0.5942147076797718
ck_6494f0ef13ce44d9,0.48950906498268487
ck_724e459b9ece38f4,0.8627011611326135
ck_7fd8b1470401695f,0.9219800366673457
ck_292f81186358b0fa,0.5166021592992462
ck_fa7de64d37287615,0.25015278060704826
ck_d00e09e66ed6458b,0.8928498675901405
ck_b8d210e741be186e,0.10450193522102261
ck_3db59982cbae4410,0.4952128743124873
ck_69887d0a9aaca6df,0.2695049908331636
ck_4feb21e2fb0b3977,0.3300061112242819
ck_08c6cc1e143475e3,0.026685679364432675
ck_fe6e168cdbb46b9a,0.804848237930332
ck_07f1734be7fac56a,0.7201059278875535
ck_d66d59981307db93,0.7009574251375026
ck_f928dba0d587d7c1,0.31411692809126096
ck_786448fe3004cbd0,0.08922387451619475
ck_29ea329fa40ace62,0.5693623955999185
ck_7ea52b6f27edcb73,0.45121205948258303
ck_18bc51bbf3ef198e,0.5626400488897942
ck_44950df09ff14ded,0.16520676308820534
ck_c1466b52c0a10b93,0.6899572214300265
ck_6cdac067cc4db5c5,0.5819922591159096
ck_53f55c6e8cf2d432,0.0012222448563862294
ck_95945f48453ca532,0.5514361377062538
ck_87cce4126e215153,0.43002648197188836
ck_1ecd5516c92caa4f,0.08983499694438786
ck_819b482bca14c068,0.9515176206966796
ck_a61a879dd46fc9f2,0.383784884905276
ck_af70aa32c009c3c9,0.5125280097779589
ck_f4fe78e249092ab1,0.4074149521287431
ck_12c46bc52bf45b36,0.1275208800162966
ck_f05f5e4b40afa52f,0.7842737828478306
ck_0f8cb09d3f4fc980,0.865145650845386
ck_80a64a7f0275a71d,0.0708902016704013
ck_683af7b1540a0b22,0.8044408229782033
ck_51fe0b613c076cbe,0.6056223263393766
ck_da1a2450219dcf19,0.7926257893664698
ck_2a7eba01ceba6c2c,0.7973110613159503
ck_4e329e29dfa743ea,0.9042574862497453
ck_0274d881d6db82c8,0.23548584233041353
ck_0af5b7d128035b35,0.7563658586270117
ck_ae0a7be6b0a0ea68,0.6378081075575474
ck_de5bb7a4d091386d,0.9058871460582604
ck_2bb7c17168a9d17d,0.23018944795273988
ck_0ffdff7b2f5fdfe4,0.358525157873294
ck_718a8390b3d42d7d,0.9195355469545732
ck_7c4f12d70f184533,0.06722346710124262
ck_d3e2c26b8adff099,0.5795477694031371
ck_ac9d3d9754104cf0,0.02729680179262579
ck_3b1766a1d51f8f0e,0.9405174169892035
ck_a9bf75bea912027b,0.8054593603585252
ck_687eab3ffe1f8cfa,0.6180484823793033
ck_25dd0b02af5b2f37,0.8113668771643919
ck_1747fcc466f0ae38,0.1597066612344673
ck_f6e9d14dfb6f3c28,0.657364025259727
ck_c6a7bbd0adc4d5f3,0.6769199429619067
ck_46656a23f4456d22,0.946221226319006
ck_7519260415c2998e,0.6693827663475249
ck_754f30ea19df857c,0.7632919128132002
ck_ba88a244d5f7380f,0.4611937258097372
ck_f268416945316815,0.16215115094723975
ck_21860dd2159dff28,0.12853941739661845
ck_7a86ef4e2beaec38,0.43715624363414135
ck_0414507baeea936a,0.7681808922387452
ck_60796eb60fc3043e,0.26746791607251985
ck_1e0841ed17fe0562,0.3674882868201263
ck_0d641d32658d6e0f,0.09268690160928907
ck_b36086ae6d87eec1,0.33224689346099
ck_962e65ab33b5c311,0.9586473823589325
ck_b046a42684468e63,0.24730087594214709
ck_ab3426435b0017d6,0.8413118761458546
ck_fcfe06e44d09a344,0.4446934202485231
ck_0f6d916c92189516,0.40354451008352005
ck_d4c8f0d957c3965d,0.6610307598288857
ck_2ca83dbd728af019,0.035648808311265025
ck_2857a4ce9f72fbfa,0.02994499898146262
ck_a60e6edc48e3d0ac,0.9067019759625178
ck_0cbd3b27063d4415,0.8146261967814219
ck_612089ec90c37219,0.45406396414748423
ck_ec4e597f17f473c6,0.3259319617029945
ck_1c93cc58f314bf71,0.6361784477490324
ck_2b359a979520276e,0.47300875942147075
ck_1496568ddc3b2d56,0.9354247300875942
ck_41d91dc9f5063566,0.5826033815441026
ck_4c5ff58afe3d7a67,0.10959462212263191
ck_81709736281fa3eb,0.09085353432470972
ck_d89abbab3d4957aa,0.2800977795885109
ck_52453401f88935da,0.6675493990629456
ck_a477654d34783e06,0.1963740069260542
ck_72dd0dbdf808cb00,0.7716439193318395
ck_c183dff3781746cb,0.4483601548176818
ck_c8b7f241810b45e5,0.0845386025667142
ck_f88028c3f306bc70,0.23630067223467102
ck_91d48d69e4f5d9c2,0.33713587288653496
ck_b74b9ba6d7c9aab7,0.8753310246486046
ck_03e904682dc73bba,0.4842126706050112
ck_fc6fed6ea96a004a,0.2874312487268283
ck_51efdd240e34c642,0.7325320839274801
ck_e78ab4ff52b5fd2d,0.4163780810755755
ck_4af7b97c24d89a45,0.7027907924220819
ck_295c0072eca7f7a2,0.3165614178040334
ck_8abd1a50a9227463,0.7738847015685476
ck_ecaa6f13304e3dc5,0.10409452026889388
ck_de436e7b319be1fa,0.9851293542473009
ck_c802cf8f61466027,0.3575066204929721
ck_3d83e0a3c1cfbf8b,0.6103075982888572
ck_28d2003c2d16e4b6,0.04176003259319617
ck_8ddaf745bbb9cd62,0.021389284986759013
ck_493b6256091014cd,0.9403137095131391
ck_a2245822cfea997d,0.4349154613974333
ck_f7305b3c64cf8a03,0.4770829089427582
ck_9937dad93a0ed3c1,0.17009574251375026
ck_d654449f9231ad76,0.3302098187003463
ck_850e2b59bc535490,0.5536769199429619
ck_e55e5bdfc0242aef,0.8386636789570178
ck_d35c51e981b98c5c,0.32572825422693014
ck_27cdf9c5e6f0915b,0.6084742310042779
ck_d328db1e1052d820,0.30332043185984925
ck_0ea30eff5f361cba,0.3972295783255245
ck_9994323f97109f4b,0.9826848645345284
ck_09054e97bdf9624e,0.4791199837034019
ck_723b4afc388113c8,0.23833774699531474
ck_588f6e6a6a6d93e8,0.4263597474027297
ck_e1d563fab4d6116a,0.2896720309635364
ck_53aca610e20598bc,0.4597677734772866
ck_c8131ddc7ed33448,0.2707272356895498
ck_899f88464305824a,0.2835608066816052
ck_1c17c65804f8889e,0.36219189244245265
ck_45a16ce12893cf9b,0.5237319209614993
ck_f9d481aa4f9b2808,0.9452026889386841
ck_1d5d74169cf892ef,0.4683234874719902
ck_aba32acb61c1aaca,0.8162558565899368
ck_ec4dd3675a8d28cc,0.3475249541658179
ck_5dcd443fe0bbdeac,0.2566714198411082
ck_3a47e3f54475e854,0.22305968629048686
ck_a9aa5c344c315532,0.3116724383784885
ck_9652283c9f61fcec,0.18496638826644937
ck_752dd3d2487f78ea,0.3198207374210634
ck_a821980ac4db9943,0.9012018741087798
ck_93e0d6befb67f7a1,0.5823996740680383
ck_e7a3881c3e36bd51,0.955591770217967
ck_12631b78f8a03df2,0.5958443674882868
ck_57b8226610b48854,0.43898961091872074
ck_352657008983fd4b,0.7586066408637197
ck_0841a5c24fd3dd28,0.5296394377673661
ck_db9b9d5d30f74070,0.8512935424730088
ck_a9dded7f6294e44f,0.6846608270523529
ck_91a16336ce3217dc,0.7402729680179263
ck_371bd9388b287677,0.11672438378488491
ck_f285e5e1912a7c62,0.2737828478305154
ck_368b65fca69fc415,0.7490323894886942
ck_d27a73596b6500c2,0.5991036871053168
ck_2d963f9b2c4d11e1,0.7313098390710939
ck_7c500e219af39486,0.13628030148706458
ck_7d025dea5951cba7,0.6386229374618049
ck_32f632706608859e,0.19759625178244042
ck_53816231f3ffb48d,0.12283560806681605
ck_9dbe184e81c1ca8d,0.8551639845182318
ck_d74123617f22a21e,0.10103890812792829
ck_275386782b1606f8,0.06437156243634141
ck_0b0e79d33e50cba5,0.3002648197188837
ck_ba93cb604f792915,0.4565084538602567
ck_a86cd653472eccbc,0.3748217559584437
ck_87771861e0447210,0.9016092890609085
ck_212380e0371d8a6d,0.7086983092279486
ck_ef0d702d7b0ed745,0.24078223670808718
ck_2b8f33e22f939372,0.9498879608881646
ck_480347ad92037105,0.4135261764106743
ck_20124c3a16c53ce4,0.4817681808922387
ck_c9e1e3229baae708,0.35709920554084335
ck_b1befe967f7a5ebf,0.5182318191077613
ck_4672167d7c989bbf,0.7659401100020371
ck_f0c44ee5e3a42e3d,0.8502750050926869
ck_c416357d20238a4e,0.650234263597474
ck_d0f470f8078c91df,0.690772051334284
ck_3a70b4ee59084715,0.696272153188022
ck_179ed66cdfc1ce27,0.3625993073945814
ck_387e5a7f163c7837,0.5459360358525158
ck_08fb463e69f647c8,0.9779995925850479
ck_732f725747393ec8,0.3797107353839886
ck_7cc5e0fa3ca5a713,0.1540028519046649
ck_ad4a4daa826ac68b,0.7618659604807496
ck_472e0be7a3b533bb,0.5229170910572418
ck_7190177963eafdd9,0.4862497453656549
ck_647ac26c5900f082,0.4477490323894887
ck_272ae2179bbd8e58,0.49949073130983906
ck_09b0d8af304646bd,0.10022407822367081
ck_ca0cc8ea9f344408,0.33428396822163375
ck_332ad134fb909869,0.5418618863312283
ck_fca2798914627dc8,0.7761254838052557
ck_4450b55f462ae134,0.2851904664901202
ck_d67d9dfb60b286b9,0.017315135465471584
ck_a9d2bb4f2bde7052,0.17315135465471582
ck_929bcae878a3ecb3,0.9619067019759625
ck_59a9e000fa275e1f,0.7123650437971073
ck_57f17254e2688637,0.4750458341821145
ck_0508908697f60ce3,0.847015685475657
ck_946afc2943298d26,0.39519250356488084
ck_7176d12b18f2cc0e,0.5650845386025667
ck_5c47b49c26cce286,0.6060297412915054
ck_b6a2bdb2d335e1d0,0.985740476675494
ck_1d58f6caaa4d012c,0.46811977999592586
ck_71c917295020ccc7,0.4591566510490935
ck_bc89644ae3688995,0.6512528009777959
ck_e7c212f16d6df272,0.5993073945813812
ck_c6d2e11a368184e6,0.08311265023426359
ck_eed7f1f7548df15b,0.2513750254634345
ck_75b69034000ca7bb,0.678753310246486
ck_38da3bf629458682,0.20574455082501528
ck_90114c891239d821,0.06763088205337135
ck_8ee08f6777cc155b,0.4167854960277042
ck_bd86132499defcd0,0.14972499490731309
ck_b95fbf2b5640aa82,0.5656956610307599
ck_c530235393360e3b,0.63373395803626
ck_be52a7ec43241ba4,0.6437156243634141
ck_d96eb3cc55f2772f,0.5797514768792015
ck_dd34f0a844fb115d,0.8321450397229578
ck_17cc7b411f448e66,0.6695864738235894
ck_856ea65fa27d06dd,0.5469545732328377
ck_056d5f0301c30902,0.7909961295579547
ck_e662b14b2bab23a2,0.8948869423507843
ck_209f574c8d92274e,0.49256467712365043
ck_62720b81617896cc,0.25768995722143
ck_041614694b77e599,0.1446323080057038
ck_461e3f7b97db8d16,0.47647178651456507
ck_1b74b798eebeabdc,0.6194744347117539
ck_0ed2739384f1d644,0.10877979221837442
ck_5a4d19f1b83feeb8,0.5263801181503361
ck_463937167965a1f8,0.6449378692198003
ck_9d7151dbdf100e0e,0.5722143002648197
ck_20a7d1ce6cc27312,0.6435119168873498
ck_6031211ff118cf0f,0.059482583010796494
ck_a6fc92aa91e99b77,0.9366469749439804
ck_0aaaa9d2f75a0518,0.4292116520676309
ck_ec26e327cc1848b2,0.03788959054797311
ck_0e6bebf8ae9b9b03,0.570177225504176
ck_e107537a4cb738f4,0.4620085557139947
ck_e8ea56e122a5a487,0.287838663678957
ck_98149ed45d38c4d3,0.7529028315339173
ck_0e719b3a6906b8f1,0.015481768180892239
ck_0c6e7bd357e4a348,0.06213078019963333
ck_d3b2b250da61db19,0.980240374821756
ck_8bb6b0a292754576,0.7119576288449786
ck_87d70f5fe48a6128,0.6070482786718272
ck_ea9edf9c107d429f,0.5713994703605623
ck_059806c52cebe4f1,0.8447749032389489
ck_a72d6df666e1c21c,0.5695661030759829
ck_1d2b80ab6c4944b9,0.2849867590140558
ck_60557f077abc42ca,0.8997759217763291
ck_e5f5cb7dd6ce4a37,0.6622530046852719
ck_4c4a939154446053,0.20472601344469343
ck_50ede3eb561a202c,0.6009370543898961
ck_6d03a542922b2ae8,0.6673456915868813
ck_d6fe761ed0db3270,0.3841922998574048
ck_7f0cd6ea3096f985,0.24098594418415156
ck_23edb6d938a3b87b,0.0358525157873294
ck_799aaf9f2b9ef621,0.40069260541861884
ck_f8f6a03613b6dda8,0.40008148299042573
ck_7cffb189f4f514ec,0.9892035037685883
ck_c081e1967dcd811f,0.2693012833570992
ck_583d6ca78c97d91e,0.9268690160928906
ck_9332bbc7125219a7,0.16092890609085353
ck_956b5af6d7d86c65,0.9875738439600733
ck_2d634e3f24681c0f,0.6577714402118557
ck_7b35d218ed0c5a60,0.18659604807496435
ck_ca5b1057f8248f73,0.6247708290894276
ck_ec5ea81cf813597c,0.6286412711346506
ck_eaebaf4d28400fb8,0.341006314931758
ck_ae2ab6be219219aa,0.3265430841311876
ck_d99a8b4c820eb46b,0.10613159502953759
ck_bcfb7ffb7cd428bd,0.47484212670605014
ck_3dd542c2d31be2c0,0.6237522917091057
ck_c7dd84401e29a7fc,0.17885516398451823
ck_c4bcc7cefd40f8e2,0.012629863515991036
ck_c251898b5d51e3b0,0.8060704827867182
ck_36d37be780c1291c,0.26807903850071296
ck_99b4f266b61ae7ee,0.5579547769403137
ck_c37f03995f0f0169,0.10144632308005704
ck_65a23ac8e44eb901,0.31269097575881033
ck_644b1c1149eea9e0,0.458341821144836
ck_9cf44eb0237c2429,0.6433082094112854
ck_20541686a94fb71c,0.8286820126298635
ck_c18245be844680f3,0.3839885923813404
ck_56de216eda6b7fa6,0.35159910368710534
ck_406c4442dee45cd1,0.21878182929313506
ck_df1585c7d72a96e0,0.20941128539417397
ck_b8e8dba20676d87b,0.7569769810552047
ck_0ee6965e68efc177,0.7359951110205745
ck_c2a5c54ad8d0d297,0.6738643308209411
ck_bf6fb7e6470e95cb,0.03238948869423508
ck_27fa694569140345,0.1741698920350377
ck_e04166b0ce66393a,0.7182725606029742
ck_8742114f4f0cb22c,0.8926461601140762
ck_6eceeafd56b42576,0.6864941943369322
ck_34f9951b0eca1965,0.70177225504176
ck_384ccecd342a24ad,0.09513139132206153
ck_49c98bebd1338879,0.052963943776736605
ck_6c26c12071c91ff6,0.029333876553269505
ck_01e5986ebb9a78f1,0.8205337135872887
ck_121db7ba3be29ee8,0.6889386840497046
ck_039e6d5a330cea1a,0.680382970055001
ck_ae8c9163cf957d7e,0.4255449174984722
ck_3f5e8f3f1df0c8c7,0.7046241597066613
ck_b1c51fdafcd80122,0.7852923202281523
ck_12e2b5ebfe8986b2,0.4762680790385007
ck_d55eb81a4d543c59,0.2841719291097983
ck_f85155ca5c312c7b,0.7186799755551029
ck_133d8a1ac7c0e301,0.9816663271542065
ck_04212a9bb9b28696,0.9985740476675494
ck_4cc11c7d3ca61f73,0.06539009981666327
ck_2df4854186ec515b,0.6119372580973722
ck_aa9b28e7fc43af79,0.9399062945610104
ck_47cad6c3def4c9e4,0.03279690364636382
ck_fbff7b5da8111567,0.45019352210226116
ck_bd25ea782e375b22,0.48869423507842735
ck_7989376f8cf64a9d,0.41576695864738233
ck_675c0ca1ebb1051c,0.10165003055612142
ck_1436f6e11d4008f9,0.5711957628844979
ck_812cb3a4482cc618,0.6137706253819515
ck_6e606f73a1094afd,0.8954980647789774
ck_1b708e2a4a0584dd,0.6129557954776941
ck_a60d6b324bae0330,0.7526991240578529
ck_706a4f673a9fda3b,0.9305357506620493
ck_a75ece9a9044eed0,0.1625585658993685
ck_9aa45c4e03c8c57a,0.7211244652678753
ck_9fe9bdce982b312c,0.5322876349562029
ck_c6fbdc5ba68a8466,0.6948462008555714
ck_ed0cc1b1c28f9511,0.751680586677531
ck_a4e2607b4c8021e8,0.00916683642289672
ck_e02f93f51cc8caf3,0.2248930535750662
ck_7084ed3cf20781b7,0.5457323283764515
ck_cd4c63155570d6ea,0.0651863923405989
ck_d1b9e5d32d2d789f,0.356895498064779
ck_68f56f6560a7a933,0.3609696475860664
ck_8bedacc6233c6269,0.46017518842941535
ck_ab7cb50407d6b13e,0.8679975555102872
ck_f17ed7e0fd687742,0.8068853126909757
ck_b0fe4b92fc70f72c,0.21083723772662458
ck_84d62b8196da2452,0.621715216948462
ck_9e298cae167f4693,0.1599103687105317
ck_405b20ef9ad0ba5f,0.8215522509676105
ck_813e02e1ababd177,0.49093501731513545
ck_f234ab47061ba7c0,0.2293746180484824
ck_22b587c18363899a,0.5585658993685069
ck_4e862c2f48c38aeb,0.05438989610918721
ck_b89cb90a420c9075,0.28824607863108576
ck_be2251640f27a3c9,0.840497046241597
ck_46bec0bff167ed3f,0.4408229782033001
ck_c0032232c2868328,0.5746587899775922
ck_030cf09525dba4ba,0.15502138928498677
ck_6ecf56236789fc09,0.9641474842126706
ck_38d4ed52cbe6d123,0.7300875942147077
ck_2d923d957ffd4d53,0.7054389896109187
ck_3af1eb88728ed8c7,0.7044204522305969
ck_2f8120ca80a1592c,0.2572825422693013
ck_6cabb1a133f0b151,0.5632511713179874
ck_bb6cf7e7b707731d,0.9482583010796496
ck_c8307fecafa90140,0.5498064778977388
ck_75f968be67f46d24,0.7221430026481972
ck_df6fe4ec5a233213,0.21837441434100632
ck_b53e88c0e927d896,0.007129761662253004
ck_f0093064aa28f4d0,0.4442860052963944
ck_ec9976cabc63ff92,0.09126094927683846
ck_30dac0a58c5590cb,0.8857201059278875
ck_348a525791ae6475,0.3843960073334691
ck_b898d912d1181ef9,0.4864534528417193
ck_f5b1200dc6f95760,0.6571603177836627
ck_54978a073e7a0b1a,0.23405988999796293
ck_55933936536a4071,0.1920961499287024
ck_d6ba7ffd2ae08863,0.28111631696883277
ck_404e2217fd87fdd2,0.0429822774495824
ck_dfaafdaefa5716b6,0.5597881442248931
ck_556c62e92d4e7e5b,0.8665716031778367
ck_7ce44f4e06d58111,0.40476675493990627
ck_465cb8ce232c7670,0.23120798533306172
ck_237508ca4fb37268,0.7146058260338154
ck_ba4a6b9aa63964ef,0.4744347117539214
ck_4802a0a7a1882c88,0.9445915665104909
ck_9478dfe4114c30f6,0.2872275412507639
ck_5138f6c575dec64c,0.1690772051334284
ck_aebb42afe430e2e9,0.103075982888572
ck_004efa95555437e9,0.06457526991240578
ck_11af112667c98394,0.6457526991240579
ck_44e9a18a8645c9d3,0.018537380321857814
ck_2605fd571219e28d,0.0765940110002037
ck_dfc933493561d84f,0.4970462415970666
ck_67674348e68d1f25,0.522509676105113
ck_dd97429277a2fa00,0.7370136484008963
ck_d3eab7a06eb48348,0.42269301283357097
ck_0b9fcff9667ec05a,0.133224689346099
ck_fc4bfd6e739bddea,0.12650234263597473
ck_43292f70a03ddf2b,0.6830311672438378
ck_5ff6108056a3fef5,0.3379507027907924
ck_767e0be086b5f601,0.687512731717254
ck_b8465b1a5666155b,0.862904868608678
ck_ab2e3fc56f5b3aae,0.8743124872682827
ck_1833c81d693c1e07,0.9535546954573233
ck_0308e0602b856445,0.06579751476879202
ck_ccbdfe744acff8bb,0.35200651863923405
ck_b294aa27a0b586d7,0.24831941332246893
ck_a3747201f377626d,0.9753513953962111
ck_edde1d7d1db24725,0.5473619881849664
ck_ae3b47d6e1063704,0.4330820941128539
ck_3aabf5e0f4defb41,0.4642493379507028
ck_f034adb57391f3d7,0.7665512324302302
ck_533672fb40531607,0.7622733754328784
ck_2a244f1ae08ef83c,0.3428396822163373
ck_a35d81bcc54ece2f,0.44510083520065186
ck_78a61215675b38f0,0.31452434304338966
ck_e013d88ea7939616,0.2931350580566307
ck_e5018f9418e0102e,0.756569566103076
ck_d4e024fcda401a31,0.14911387247911997
ck_f736cffbdb82db34,0.020370747606437156
ck_1507f5aa50cdf3a0,0.32980240374821757
ck_18270fee7c8fcee8,0.415563251171318
ck_95ffa1a805a1c9d1,0.31554288042371154
ck_11132d245b94d045,0.03829700550010185
ck_7b93a622e40d8b14,0.8808311265023426
ck_3854c08d17704347,0.8219596659197392
ck_7717fcb100dc4b5f,0.47036056223263395
ck_ba54e0a1c328119b,0.9600733346913832
ck_a7afdac4ecbf2de4,0.9258504787125688
ck_ecfb771ed2352085,0.5453249134243227
ck_68be4fefc85a6b64,0.9248319413322469
ck_dac7c50bd6d0148f,0.17722550417600325
ck_87cf36a03bd63c24,0.946832348747199
ck_8adb40b168b59d7c,0.38297005500101855
ck_8d2f62930777416b,0.6424933795070279
ck_9958b58da9e3c21c,0.3632104298227745
ck_9440335375701f44,0.48747199022204113
ck_e2f88e202b6f700a,0.6730495009166837
ck_4c7c50684827a2cf,0.13118761458545528
ck_8a6ea4a79b1c7a8e,0.4648604603788959
ck_186dbff4b24a3bbf,0.7940517416989203
ck_220fda3c11c59b6c,0.820737421063353
ck_3acccc69f8b1fd14,0.8531269097575881
ck_9de191bf79afd676,0.6290486860867793
ck_6de6b1663f9457f4,0.011407618659604808
ck_062754f8b79b86e5,0.04563047463841923
ck_aa153a89a52f7eb5,0.40721124465267877
ck_34a6bd3be642f15c,0.31126502342635975
ck_9371c700d9830326,0.5803625993073945
ck_a99e0c258ad7576b,0.49541658178855164
ck_0a7ba51d626e932a,0.6357710327969036
ck_852c50bbba1ead13,0.8125891220207782
ck_43dc13b6b6d31297,0.488490527602363
ck_7d81b59d615a6649,0.6602159299246282
ck_39a3f1da060e88bf,0.19433693216541048
ck_6fb2d142c09ed3ed,0.7561621511509472
ck_6e5752b87324b58c,0.5628437563658586
ck_9441d48a12e8a4bf,0.882664493786922
ck_09e9c51eb538b255,0.1790588714605826
ck_8d0cd981ed3a183a,0.8950906498268486
ck_57c07c45269ca8c0,0.2937461804848238
ck_ccfc9ab888ba933d,0.07292727643104502
ck_9658a6ef471053f0,0.4176003259319617
ck_dac3852758f4ea89,0.08066816052149114
ck_b1ed2278f5f14d82,0.6587899775921776
ck_333544d173524f70,0.8847015685475657
ck_fd4582e3853ef23f,0.568547565695661
ck_614d936cef98db04,0.16357710327969036
ck_6bc351a3d57aac54,0.5106946424933795
ck_af5842fa7202ff25,0.7337543287838664
ck_81307759252571be,0.259319617029945
ck_b4d2f02d2cd45720,0.9494805459360358
ck_1bd753a4681946c8,0.9741291505398249
ck_46d8c029d46867b2,0.20676308820533715
ck_b7da6640fa2f49cf,0.961091872071705
ck_9ea3d5a5a91fef9f,0.8861275208800163
ck_7b922518f667f76a,0.009981666327154207
ck_2a5b31594206eb30,0.9240171114279894
ck_d9506476ad3f9e08,0.49460175188429417
ck_c8791f7ebd4d93c7,0.14626196781421877
ck_b5a3e20fd210017d,0.4471379099612956
ck_8e54386f4fe22cad,0.623344876756977
ck_75296704f5806f56,0.7614585455286209
ck_0fbbc7a6af300368,0.31330209818700344
ck_d19bf4dc0627113d,0.2177632919128132
ck_7951bd4eb99a0175,0.11692809126094927
ck_059e4fac6b7f704e,0.2935424730087594
ck_2ce8931af02a2ce3,0.33754328783866366
ck_9e665618a4860306,0.06864941943369322
ck_6fce5a893613fd2c,0.002851904664901202
ck_9e3fbd04e3532f32,0.8873497657364026
ck_55f2ef0de3420e3e,0.4341006314931758
ck_8d87658a6f5d204c,0.9221837441434101
ck_6d6ac1f5dd882aa5,0.08270523528213486
ck_55d0c7012d7ef236,0.5428804237115502
ck_7738eb085e5753d6,0.8663678957017723
ck_0e6e05c3cc8c8242,0.37787736809940925
ck_8d27ff8383d48132,0.3073945813811367
ck_9afc3bb849f3a64d,0.5634548787940518
ck_27eb86a9898cdfe3,0.2864127113465064
ck_1d40e4fc541abe93,0.8993685068242004
ck_4fd9dc00e1913587,0.99674068038297
ck_b26cdb2b7b165d2e,0.7070686494194337
ck_a79a27767a02e31f,0.8121817070686494
ck_f0c18cb9f951a71e,0.4503972295783255
ck_50460e0189de6274,0.9883886738643308
ck_5e5280539257c986,0.16683642289672032
ck_eeb854318b3a6f0a,0.21002240782236709
ck_943f66f28dd24750,0.04501935221022611
ck_984dd7452aee372d,0.9048686086779385
ck_ecaa6de0aca5e9a0,0.5388062741902628
ck_8f1cbc432e2774f8,0.8578121817070686
ck_d91d9f8445b9769a,0.973721735587696
ck_73c18e03e3c7612e,0.021185577510694643
ck_aded05ada490da20,0.2605418618863312
ck_f744e208183971f8,0.1554288042371155
ck_02d4cef6358ad3b7,0.21450397229578325
ck_08ff5bd467226a5f,0.004277856997351803
ck_f824b326d5089885,0.9050723161540029
ck_3420f2fd520890f3,0.8119779995925851
ck_1838cf8d00f5b1e1,0.40313709513139134
ck_a85182ad90b6f1e1,0.01975962517824404
ck_fecb39c82c43e76d,0.2069667956814015
ck_162513e73782929f,0.429822774495824
ck_2c27b77c59d8f23b,0.9203503768588307
ck_4221e07b17388fd3,0.7323283764514158
ck_adfb8472d5c3d669,0.6649012018741087
ck_0742fe64055d686f,0.12935424730087594
ck_5060aefcc8b6f958,0.4840089631289468
ck_643f549b4ac78a26,0.8906090853534324
ck_dba767885bd6ad69,0.5683438582195967
ck_0dda35c0c64c7073,0.9938887757180689
ck_38ea56d43afa5660,0.27928294968425343
ck_d813e15ac91f487c,0.8614789162762273
ck_4c840e5585a7b167,0.866775310653901
ck_cb8551453a7bb929,0.13261356691790588
ck_05a00b1dd5a03359,0.2564677123650438
ck_837cc7fd48453a01,0.39743328580158893
ck_49dd816b31fba6b6,0.8213485434915462
ck_86a61d9a39768e87,0.4984721939295172
ck_cd0e76f0e7bb38cc,0.3898961091872072
ck_dbe58392635133ca,0.36382155225096763
ck_3caec7dd6f8d02c9,0.6390303524139336
ck_bfd9bfc5b6ab4a54,0.8494601751884294
ck_2103399bdb2898a6,0.22672642085964556
ck_329f7de7279e74c5,0.3216541047056427
ck_9bf0d28119fc42c8,0.6520676308820533
ck_f781539b1042dc83,0.2992462823385618
ck_9986c7d781ac6b4e,0.18252189855367693
ck_a627734880aca848,0.003259319617029945
ck_2106e509d77fdb4a,0.9252393562843756
ck_420d1a9c604293ce,0.4776940313709513
ck_fce0610c527e2b56,0.6117335506213079
ck_073da541ec3f9d3d,0.7194948054593604
ck_aa5f3ab48c17fed8,0.8616826237522917
ck_0fc1086e1c9e04b6,0.3601548176818089
ck_5c33bb46c1a5945b,0.717050315746588
ck_500948a8d4bd8e13,0.43878590344265633
ck_19becd44f2c3d2b5,0.8755347321246689
ck_7d0fe77dd5ddb656,0.6858830719087391
ck_f158d9e5f101bb35,0.42493379507027906
ck_cdd7c77823c2257f,0.5974740272968018
ck_6c7b41374f9b2e55,0.6300672234671012
ck_417090dbffb1a63c,0.628844978610715
ck_dd0e17605f970319,0.6221226319005908
ck_3646515079e6be55,0.40863719698512935
ck_89c8b06aa8c84b2d,0.831126502342636
ck_e4d6dedd97233c07,0.6640863719698513
ck_bc82fb1895fddde5,0.1417804033408026
ck_88a8b1d442ca3686,0.5707883479323691
ck_5791f8f76a629a4f,0.6321042982277449
ck_9cf5e88e97c8c7ea,0.7916072519861479
ck_58fd684aa5a6f289,0.12426156039926665
ck_9800c21dfbd8e811,0.3968221633733958
ck_8ae64df60ab6ccda,0.6141780403340803
ck_e535fb0f0c00418d,0.7854960277042168
ck_48011996d54855ac,0.9301283357099206
ck_ac79c72a8fe3fdef,0.6944387859034427
ck_b8cc2df5192bc49b,0.5341210022407822
ck_e96a5e1f08f8a867,0.30393155428804236
ck_84df6770549e43fa,0.8178855163984519
ck_e5f7b99ba6ec5767,0.7278468119779996
ck_8347455ab53ff620,0.250560195559177
ck_a84f2cdf695a71d6,0.16398451823181912
ck_90456160115f9ef4,0.3817478101446323
ck_ebd178b3f3a9c50c,0.47891627622733757
ck_e1140be6157bacbe,0.008352006518639234
ck_744ffc11d32b96bc,0.6374006926054187
ck_e12a9f7d027e3387,0.1998370340191485
ck_cbe525da0b69f18a,0.45813811366877166
ck_aa59702537557ff1,0.7985333061723365
ck_0348cc6908f7f3af,0.05520472601344469
ck_120e995d50956bee,0.8077001425952333
ck_9fcde1ff46cbbea5,0.006111224281931147
ck_54b0b070689c50d6,0.13139132206151966
ck_966a167758fddfd4,0.7712365043797107
ck_d5194f2e92fd6427,0.18211448360154817
ck_2ee84f3fa27f2cb8,0.15074353228763496
ck_57d0a7eb7eae2eaf,0.6451415766958647
ck_6a2c4edd82e10969,0.22020778162558566
ck_96e4d38ef670eaff,0.8038297005500102
ck_52cc2fd5095b169d,0.7427174577306987
ck_4b088920f3a844c1,0.6636789570177225
ck_8f3ccbd20d59f1f4,0.3405988999796293
ck_e5e5dc431bed6f9d,0.6206966795681401
ck_e8b5bfa6838e28d1,0.7885516398451823
ck_4bfeb78b47b7c6a1,0.584436748828682
ck_a705c61bd679496f,0.2405785292320228
ck_731869a0c39cb2fe,0.5799551843552658
ck_259eb102342057ea,0.21654104705642696
ck_47a6005fabc33551,0.40700753717661436
ck_682262b455a9edd4,0.05887146058260338
ck_e839d104854945f0,0.2234671012426156
ck_761989aa4c47d746,0.7661438174781015
ck_44211dc210139ed3,0.1876145854552862
ck_9915ceedf63a5289,0.7616622530046853
ck_da59ab47cb6284ad,0.025056019555917703
ck_e5cdbfcca2456652,0.11876145854552862
ck_13f2560c6a1ec62f,0.43674882868201265
ck_a0543e9b3abe1001,0.7345691586881239
ck_11c7a58e09e6547b,0.5766958647382359
ck_69587a134d43a4ad,0.7315135465471583
ck_28dc0de0ae291f37,0.5913628030148707
ck_298922703c5bbe05,0.7052352821348543
ck_fa5ba9ed9ed6a343,0.8217559584436749
ck_c08e64d424e56c05,0.5410470564269708
ck_598e036a28262aeb,0.6579751476879201
ck_3f7c870510083a51,0.4469342024852312
ck_364f8203a3e98d36,0.923202281523732
ck_7333cedb61506ead,0.3418211448360155
ck_1d96d7fd65f208b2,0.6594011000203708
ck_63133a79f23e2627,0.5475656956610307
ck_901d820e0b72abae,0.24913424322672642
ck_5dd80b3c01457bd8,0.5239356284375637
ck_c0b8067c144ed6c1,0.38134039519250357
ck_cebb8aa8c8f62c60,0.08800162965980851
ck_79749eca42ff1f5f,0.535139539621104
ck_2cc1d9b587f6da31,0.7822367080871868
ck_ccc7916b56d42195,0.3774699531472805
ck_e43e53cc7b8b8e41,0.2813200244448971
ck_4ab74a6e7450416c,0.18333672845793442
ck_6e44024e9de301c6,0.017722550417600326
ck_dd78cb6ae2866cc6,0.7276431045019353
ck_c363d3b050baf3b8,0.8559788144224894
ck_2d46291975f0dd08,0.14218781829293134
ck_76ebeb5aee42f041,0.6371969851293543
ck_8395f004cf4d4c08,0.32858015889183134
ck_de7259c3741db179,0.19229985740476677
ck_3938e92585df2b34,0.6477897738847016
ck_af69bfcf4f07d932,0.4487675697698105
ck_1723900ab9afe374,0.6050112039111836
ck_3d58628d1c853c8a,0.43389692401711144
ck_12a074db100481cf,0.8963128946832348
ck_8716cbf892c50e29,0.22387451619474436
ck_fbf7351958ad9615,0.12039111835404359
ck_a50370907e6b397c,0.6402525972703198
ck_937402a60df0821c,0.09798329598696272
ck_8ce9c5807acbef48,0.289468323487472
ck_acf7d65eaaa4c31c,0.13383581177429213
ck_ec3eb6dd0967cac5,0.77632919128132
ck_fc832b0c90c9bdb9,0.9588510898349969
ck_8129e81cde280131,0.34996944387859036
ck_52c0ef68aa2fb8cf,0.5060093705438989
ck_06f042e9b1b662fd,0.8443674882868202
ck_0bf35dcf7b38f650,0.04053778773680994
ck_615763afc2e17a7f,0.033815441026685676
ck_e72db9d4b2fc9997,0.9837034019148503
ck_13757bf0eeb353e2,0.3894886942350784
ck_abaf371ec8249c4a,0.770829089427582
ck_9b7167da0920c37b,0.8618863312283561
ck_2e824b0b27494a17,0.8812385414544713
ck_9a0b605e9c3220c4,0.617844774903239
ck_a5276af466b681de,0.1038908127928295
ck_9e0383e1fb6e214d,0.905683438582196
ck_6a27c44b691dbfac,0.03483397840700754
ck_af39767cf583905b,0.7101242615603993
ck_243b1b9fdd3f9a74,0.11998370340191485
ck_c0422e638a9c6046,0.7524954165817885
ck_e0f3ea3373dfc4aa,0.8197188836830311
ck_d56ee1654378ffc7,0.25300468527194947
ck_20cd2f5666719baa,0.11631696883275616
ck_4dfa1c1e9b69fcc8,0.18679975555102873
ck_5d22e9ca1d15180b,0.934202485231208
ck_f4a7ac178fd55f0e,0.4650641678549603
ck_fd5609bd23a1eaf8,0.30454267671623547
ck_49c3bf13dc9471ce,0.5406396414748421
ck_724085c3452d4693,0.8995722143002648
ck_e5d1462846154a75,0.5113057649215726
ck_c69ef0f3e7d6acf9,0.8072927276431046
ck_a2d0417791d4132d,0.3715624363414137
ck_00a07fc2a9183c3a,0.1511509472397637
ck_781b8288e54ba8f8,0.8759421470767977
ck_d74a62ab3804a81b,0.27133835811774293
ck_abcbde211b6267f8,0.9223874516194744
ck_16dbafc035574654,0.15807700142595232
ck_018f780215ecaf38,0.6190670197596252
ck_0b259620eac51618,0.1582807089020167
ck_4f875342394c110f,0.5891220207781626
ck_399e45e5fe9beaee,0.2688938684049705
ck_36224a2d394ebfe4,0.852515787329395
ck_c189b551bd111332,0.02098187003463027
ck_125c5a720ecb177a,0.8297005500101854
ck_76d010aa02eb477a,0.1317987370136484
ck_1071d14c46c92379,0.9441841515583622
ck_61d244b2cde483af,0.35872886534935833
ck_2ff1860da2004c84,0.30270930943165614
ck_c5b583490198672d,0.3945813811366877
ck_1294f7af22fade11,0.8101446323080057
ck_e3a22799716df39d,0.5400285190466491
ck_c77e22834ef97005,0.9289060908535344
ck_73d3689728270a2b,0.06926054186188633
ck_295565fbf77ef885,0.22835608066816052
ck_80c0a7f54ff4895d,0.16602159299246283
ck_f1ef5cf7f10b16c8,0.4656752902831534
ck_a958b2461ffc21a2,0.7512731717254023
ck_0e7899a57cd617d6,0.1224281931146873
ck_9d4fed252718f58a,0.5528620900387045
ck_83c2c34add971d76,0.3937665512324302
ck_9ccc030ba2de9fb2,0.8150336117335506
ck_cd691e3466fb3742,0.3758402933387655
ck_49df70f908dfd069,0.6551232430230189
ck_362ce13eec1e33a0,0.1984110816866979
ck_2452a30397dfc54c,0.3122835608066816
ck_a443d49c2b4863b0,0.26970869830922795
ck_c8b2e2cb349dd0ff,0.11835404359339988
ck_354909fecf5da8cf,0.7887553473212466
ck_841f598bbd54c83f,0.7732735791403544
ck_cd6fbd4e8724f994,0.651863923405989
ck_e0b3158111370118,0.5035648808311265
ck_4c2f2eb657c2c60e,0.24261560399266652
ck_ef346071f0b7654b,0.49113872479119985
ck_f3bc10e3decefce4,0.31065390099816664
ck_189b6fbe9b9192e7,0.5925850478712569
ck_5245cbc5ff4d4fa6,0.1977999592585048
ck_cb42e3be6fe87f60,0.26828274597677737
ck_966d4d713cbc7792,0.3120798533306172
ck_1c8c969667cbaab2,0.9810552047260135
ck_d35e3aa9ef5d405e,0.8889794255449175
ck_a1c39df50a5873b3,0.6895498064778978
ck_a152165caf295b51,0.4640456304746384
ck_891eaedae139828e,0.5159910368710532
ck_1a46b56f4734d52e,0.2858015889183133
ck_5e36042cfad96c99,0.92544306376044
ck_02a8582c2603e675,0.42147076797718475
ck_6def9d0429e4ed4b,0.5738439600733347
ck_e137400825a1e3e6,0.22591159095538807
ck_d91ab840848a54fc,0.04196374006926054
ck_becb6e1c608e0078,0.029537584029333878
ck_6fd8c86ac719d7eb,0.8034222855978814
ck_3ed4d13f12fd9d0e,0.6724383784884905
ck_007337aa99a4891e,0.25178244041556325
ck_60c3d8306527a08d,0.10918720717050316
ck_95458880a54df0b1,0.9126094927683845
ck_b48cd8593533fc1d,0.9384803422285598
ck_021c6a4a7e3f1f0e,0.05927887553473212
ck_764d40f865e710af,0.3485434915461397
ck_4b84357ae8ec7777,0.6671419841108168
ck_3397c7856b4669a5,0.056630678345895295
ck_920bb003b42e6310,0.16581788551639845
ck_8f59f11b512d5b7c,0.48828682012629865
ck_a3acf4b986afa98b,0.9287023833774699
ck_e89d25ed7bdeeaea,0.0981870034630271
ck_70e6bca473bf6902,0.14870645752699124
ck_186161ce152836f5,0.32756162151150947
ck_9191579254663f5d,0.7327357914035445
ck_1e6628879e9d653c,0.2794866571603178
ck_b498fa91a0776ff6,0.9307394581381137
ck_cfc2384f22954830,0.8022000407414952
ck_17673a1c2867888a,0.07394581381136688
ck_523dce06515b072d,0.6033815441026685
ck_c20638a325ead2e4,0.1747810144632308
ck_d3877e1f907cc148,0.7091057241800774
ck_e9a2495dea8675e2,0.4233041352617641
ck_7e561caa5fa1f3f1,0.6094927683845998
ck_455672e652fe1abc,0.9796292523935628
ck_7f8f864fcc90ca82,0.8745161947443472
ck_1ad36046aaeb816c,0.20146669382766347
ck_de056e37c82e8e00,0.2026889386840497
ck_7484c214c889fe7f,0.7453656549195355
ck_32430e678c4f9f53,0.11713179873701365
ck_6276ece8f80ea799,0.5640660012222448
ck_ae8e5dc4b725bc25,0.7243837848849053
ck_f01be92dc78a2dc7,0.4279894072112447
ck_233397a8bd40d38d,0.5367691994296191
ck_f8124911450fdf31,0.9362395599918517
ck_aa0a3179f1111674,0.28315339172947646
ck_2366b29ed9887a5e,0.26522713383581176
ck_1f22f04dfc08cf27,0.4320635567325321
ck_b62276c3426d680c,0.33306172336524753
ck_d099fca88691f66f,0.6473823589325728
ck_166bd1dcbaf4d6fa,0.3065797514768792
ck_7b1660e942436e12,0.5157873293949888
ck_4a9a791a1d409a3d,0.7256060297412915
ck_b003e5b54df65db4,0.6037889590547973
ck_64b4dcbf436f0b75,0.34548787940517417
ck_26e9a7bb2061a58e,0.9464249337950703
ck_08b77ad5f8f73007,0.37298838867386436
ck_366616a725afc6bd,0.7539213689142391
ck_934fb5064b6eefe2,0.1733550621307802
ck_c6abd5d57b1009d2,0.1870034630270931
ck_edcfa9e1cf29d813,0.7883479323691179
ck_c30201ebd003fdc7,0.5361580770014259
ck_c54643d94d3ce355,0.6942350784273783
ck_02adda6e91e49650,0.3214503972295783
ck_5b73d7c5255e58a3,0.8590344265634549
ck_129ffae92dc01408,0.05622326339376655
ck_fa321945ebedb916,0.5730291301690772
ck_8da980cb2e1e2bfb,0.5907516805866775
ck_0576b00d728bdf19,0.7553473212466898
ck_c543d82e22b3c8a5,0.13403951925035648
ck_0027ba644f9ae2cd,0.8883683031167244
ck_8dbf61df902a6bbc,0.019148502750050925
ck_90eeca1cda79fd41,0.467101242615604
ck_86d7127391d4e01f,0.033204318598492565
ck_73762038c7ff2f6f,0.3495620289264616
ck_a1484e6215fac651,0.9767773477286616
ck_cb83b9f806e90dc6,0.8492564677123651
ck_8c6f059c95872126,0.11163169688327562
ck_3174419a81e7caf2,0.3273579140354451
ck_6a0f8f8fa4a3c2bc,0.6549195355469546
ck_b5777605668bfca1,0.1232430230189448
ck_27e4de495abb4d15,0.4923609696475861
ck_7f6fa79c7a107161,0.5221022611529843
ck_c36ed9f8e6792ea4,0.7545324913424323
ck_67a1aa88d2ea554a,0.7775514361377063
ck_09748dfe4df3d540,0.022000407414952128
ck_27fd85b1e38b675a,0.09472397636993278
ck_2369689bd795ee10,0.339376655123243
ck_4eb1c12f7d092bac,0.0609085353432471
ck_01fbafc42c8e33f5,0.31004277856997353
ck_93c4e05699b3b7d0,0.4605826033815441
ck_afc484d1b6907983,0.3029130169077205
ck_1b2d9cae92a1aab1,0.5412507639030353
ck_73b729cb161487f2,0.18924424526380118
ck_fe3c1d0ac090d960,0.9026278264412304
ck_408efac1d3885ff8,0.7433285801588918
ck_ccb4dd9d0a48a76e,0.326746791607252
ck_2987eab34ca7805d,0.744550825015278
ck_1dbf1f15193197db,0.531269097575881
ck_4ed711fe4053e74d,0.7084946017518843
ck_6c54adce174f45f4,0.26094927683846
ck_a6c740041faf0bd5,0.35995111020574455
ck_b05c4d33c4f43639,0.7979221837441434
ck_032880f1114dd51c,0.8851089834996945
ck_22311b037456a76e,0.08352006518639234
ck_5866b413549765bf,0.03401914850275005
ck_0e808afe2570ecac,0.5426767162354859
ck_634276b05f4381f8,0.43797107353839887
ck_5d8773badd0d4740,0.5520472601344469
ck_82b5b79ce3517102,0.9606844571195763
ck_b378b8d8100ee4b1,0.39702587084946017
ck_54e581f71be5430d,0.057852923202281525
ck_798ba4b8aa544fea,0.2157262171521695
ck_3fe86b6331ff95e3,0.8773680994092483
ck_81275d9d4c559e6f,0.18313302098187004
ck_99a4e5ef02d89493,0.5661030759828886
ck_54e2eb018d947790,0.7948665716031779
ck_966901ea9c77cc02,0.13505805663067835
ck_27d69ff4e0cb428c,0.7502546343450804
ck_2cee2dd7bbfc09a0,0.9551843552658382
ck_4136b00924695ab4,0.020778162558565898
ck_59a164c40c03a45f,0.7816255856589936
ck_3e24b026bc66789b,0.06009370543898961
ck_8105bcf69a75ee47,0.7506620492972093
ck_7a1782cefe26a456,0.5430841311876146
ck_970c7dc195161272,0.024444897127724588
ck_a48ec0c00ae20e82,0.7639030352413934
ck_54b374ade34e1dc1,0.2528009777958851
ck_74e5dec189761d14,0.3367284579344062
ck_4717f24f2c6f40e1,0.8561825218985537
ck_fc8cd8a8209e802d,0.4420452230596863
ck_71db4131d7efe218,0.0945202688938684
ck_45424ea6f0bc4650,0.9152576899572215
ck_3716c6181a5035bc,0.5671216133632104
ck_26de14b96bdad4f6,0.5750662049297209
ck_99c0a41ac9c73857,0.07007537176614381
ck_645f15bbbcff3b4f,0.9777958851089835
ck_b7e25ddd41514d4c,0.10694642493379507
ck_d5c14e877ca7b755,0.6528824607863108
ck_05ea4440dac6cfad,0.595436952536158
ck_c58bafff7b1955cc,0.5905479731106131
ck_f0cf85b67a9b840f,0.6522713383581178
ck_ce1500a7f0d03fba,0.8093298024037482
ck_d4972a775aadbbc8,0.24302301894479528
ck_3eb6146c262e0fc3,0.21735587696068445
ck_afb23858a4ef42ed,0.9900183336728458
ck_2c1def5c91c52a5b,0.9617029944998982
ck_72e550559487b919,0.3359136280301487
ck_0284dc2b4f856b3a,0.870645752699124
ck_03be334935e999a2,0.31635771032796905
ck_e35a4b4a3cb4cedf,0.5654919535546955
ck_5abe57dfff4b735c,0.4426563454878794
ck_f5f87f772388efa0,0.7205133428396823
ck_5a22cb36d612236e,0.5534732124668975
ck_8ff1e6028e764472,0.973110613159503
ck_2ab28149b0986642,0.9295172132817274
ck_c88fc1bac79fa6d3,0.6384192299857405
ck_5b137d74bba6b1b4,0.12079853330617234
ck_11f362dca2dfaf5a,0.22000407414952128
ck_7f960541e5174565,0.32348747199022204
ck_d5458ba39ae94498,0.4836015481768181
ck_0a921a73a90c2e39,0.8087186799755551
ck_6ad56ef40086dbe4,0.3905072316154003
ck_b68199ecccf2350c,0.08331635771032797
ck_6dac66c8198c07d8,0.6154002851904665
ck_9b9ce7bebc235fe8,0.004685271949480546
ck_6b817117d87063a8,0.49765736402525973
ck_900d62b3184378c7,0.2257078834793237
ck_eafe9b89857149b5,0.6282338561825219
ck_e74716a525ee5b24,0.2890609085353432
ck_4e9a6f06ab134102,0.6545121205948258
ck_b0d33b5a3716661d,0.21918924424526381
ck_8703543bf3134306,0.3434508046445304
ck_923d6a0f83accef1,0.3479323691179466
ck_52e37e2170532e2a,0.8989610918720717
ck_c1c5ea839c58958a,0.694642493379507
ck_660f0006780e87e7,0.4045630474638419
ck_830b2c5d1818ac07,0.7421063353025056
ck_b080ff636932d1f1,0.042167447545324914
ck_38730aace405f2ae,0.9989814626196781
ck_9790138467a06223,0.06314931757995518
ck_10de0b0d86b17839,0.08229782033000611
ck_c3e37a4d3382c32e,0.07557547361988184
ck_dd8edfefa1eba531,0.050112039111835406
ck_8153cdadd300d234,0.15950295375840293
ck_74d0e7c2c6b63d36,0.9460175188429415
ck_c478aae3031bb328,0.14768792014666937
ck_cf301f2194975866,0.19718883683031166
ck_f4de03f44e3a5bd5,0.43613770625381953
ck_b06ce826e593b210,0.8042371155021389
ck_2fc70b6baf6a0e26,0.11203911183540435
ck_d208494cf5c90047,0.7272356895498064
ck_086d29ccae565e5d,0.25891220207781623
ck_d5ef6dc116dee408,0.6380118150336117
ck_fdf0c5b722d83464,0.8070890201670401
ck_de8494b13adeffb5,0.2986351599103687
ck_556786868599143b,0.728050519454064
ck_4940e78cbdcfecf3,0.5830107964962314
ck_d32fbbfe32c00416,0.23691179466286413
ck_bc7710f7e9fae649,0.3988592381340395
ck_416f7ac57da081a3,0.32063556732532084
ck_6fb39b60c67d5475,0.362395599918517
ck_e40a156511345d6a,0.43511916887349766
ck_49ab879b5aa7fccd,0.8741087797922183
ck_bb643194d1cbc47c,0.9953147280505195
ck_b3ce8f1bcedfa043,0.55265838256264
ck_558ebde8c29132a4,0.5854552862090039
ck_e6222925762273b8,0.7537176614381748
ck_bd80546b4807dd59,0.5127317172540232
ck_bd21164bd2bbb635,0.3281727439397026
ck_ea835557d7043667,0.23304135261764106
ck_1411a80a157ff39c,0.42167447545324915
ck_ab973888c20c9120,0.6259930739458138
ck_95b48972061abe82,0.22102261152984315
ck_fc4a43f8876bf10f,0.919942961906702
ck_f34fb7ccf82f41e5,0.27765328987573845
ck_5af9934a56801ac0,0.5481768180892239
ck_fc7445ec76389a58,0.9378692198003666
ck_1eeacc26f02fbba4,0.8227744958239968
ck_4f325dd15c9bd45c,0.7846811977999593
ck_5009a6c8bbaf15ba,0.6704013037278468
ck_0f3de7f074bb33af,0.3719698512935425
ck_2cbc2f93a32eede8,0.7111427989407211
ck_4bb90a61c21a303b,0.7213281727439397
ck_3ade9eac7d7b0dbf,0.8734976573640253
ck_4859a58629622915,0.4448971277245875
ck_5fed957287ebca03,0.4740272968017926
ck_ec01ae5351500355,0.24954165817885515
ck_703b41624ae6a5b6,0.09614992870238338
ck_97c38e7f61c27e47,0.3636178447749032
ck_db2c0908150cb2cc,0.7471990222041149
ck_64ac5e6fed86ab60,0.9869627215318802
ck_da1c853b0a061e83,0.6970869830922795
ck_9a36916b60178ded,0.9344061927072723
ck_3715bfa7fed2c675,0.4147484212670605
ck_dd3feb77d7d4f6d3,0.691383173762477
ck_982ebb24174a4ade,0.8189040537787737
ck_f6b7a10d47dd9a1f,0.15665104909350172
ck_1f56fe99f250cdf4,0.7288653493583215
ck_deb3ac0606d6f6db,0.4129150539824812
ck_e666629e5a41b39b,0.3063760440008148
ck_756d2c13d02b3e09,0.32409859441841515
ck_7bc752ae7cf5d55f,0.2320228152373192
ck_fc0cc4b25e6a8194,0.4677123650437971
ck_9b2b0e286de78a1b,0.5282134854349154
ck_24b0803447211bf3,0.743939702587085
ck_82eed68d05a42128,0.6255856589936851
ck_c8a03c516ed5b05c,0.8775718068853127
ck_e914974cee1bccb1,0.2715420655938073
ck_0c533ff2d0f9962a,0.1289468323487472
ck_c12805fa5d970a83,0.7624770829089428
ck_fc2cb29918631f10,0.8698309227948666
ck_c20e89afe575549b,0.17600325931961702
ck_e1ff9e31becc27ae,0.8123854145447138
ck_18116d0ac08f1996,0.9447952739865553
ck_885a83975cea5e64,0.38276634752495414
ck_a0c3059a959ba5d1,0.7679771847626808
ck_75257ca7d7da2861,0.5447137909961296
ck_2210f7a0d13bdbef,0.6504379710735384
ck_9cbd9ecf8374f65f,0.5298431452434305
ck_18f67c00ba21fbde,0.09370543898961092
ck_2d28f14d3973d8fb,0.282338561825219
ck_8b3401b44aaae728,0.2772458749236097
ck_9d8e9ef37797d3af,0.8747199022204115
ck_9f50920c894f64e1,0.3018944795273987
ck_4737e0d56c6fa0a1,0.4713790996129558
ck_52c311f29ca3aca9,0.06253819515176207
ck_6a4981bc721df37a,0.4514157669586474
ck_823539d936c55fc6,0.021592992462823386
ck_df5aedb4118020bf,0.9523324506009371
ck_a911a066ff0f7b56,0.9075168058667753
ck_684609767df4a14b,0.6367895701772255
ck_f2350bf355dc919e,0.6681605214911387
ck_8452b6cf97c65a5e,0.4563047463841923
ck_084cd84501012218,0.9168873497657364
ck_ace6b72e5bf3e93b,0.8712568751273172
ck_2afdd69094c955c5,0.6781421878182929
ck_fa7d5be26bf7b31c,0.7590140558158485
ck_4b041217690fca2f,0.6331228356080668
ck_9fb8e3d38cdf276d,0.9663882664493787
ck_c1ee56d65a42f59f,0.8264412303931554
ck_fdeaa1cd085691f0,0.5394173966184559
ck_5de33a7a87e9aa62,0.8468119779995926
ck_7476e7fe1ff45545,0.4811570584640456
ck_b0a947b498e47018,0.31289468323487474
ck_e3894ed88a7977e4,0.507639030352414
ck_c7e07ebfb0bc15f6,0.7628844978610715
ck_3a3daa8b376f2a18,0.10898349969443878
ck_87809324c2675b0a,0.3175799551843553
ck_7eb4f33260f1dcd4,0.43450804644530455
ck_ab9f0e08af030060,0.624974536565492
ck_5b8fc4a76f340797,0.2686901609289061
ck_0e7bf10ef49aa818,0.4662864127113465
ck_a44462a3853ac67e,0.9908331635771033
ck_2d14bcd2e0fc043d,0.04603788959054797
ck_df1f2dba802296be,0.9678142187818293
ck_466a7316eaf149b1,0.601955591770218
ck_50df50af592b0c06,0.47749032389488694
ck_5f9e34c849704b95,0.08576084742310043
ck_7836bf6def26aa87,0.310857608474231
ck_ba175b1bd8efaabf,0.036259930739458136
ck_1a0aac7f7b94b1be,0.8871460582603381
ck_6768c4b2aa8ce586,0.45752699124057855
ck_eefcf0ed15897898,0.5583621918924424
ck_7a6cb27e390b6ceb,0.3831737624770829
ck_5275be4e1577c1c7,0.18415155836219188
ck_6bc0e5b8c0b7d2bd,0.5952332450600937
ck_4874bdec79f9106c,0.4693420248523121
ck_a678731156ad7bd2,0.904053778773681
ck_db906debc36a5d1e,0.721531880220004
ck_e87897767c612942,0.21552250967610512
ck_45ed5ee496ef8a67,0.5864738235893258
ck_ae20e28f9854f3ee,0.7575881034833979
ck_9ee044b73943a90b,0.18781829293135058
ck_dab34cf6f0626c9b,0.8455897331432064
ck_64a02b7b96149810,0.18944795273986556
ck_c417d06f3e94685d,0.29557954776940315
ck_3e0149cdee4cb294,0.5919739254430637
ck_0e6046fc30f81705,0.34589529435730293
ck_c383aeabd53e9c89,0.720920757791811
ck_2ef76f1f36e8b869,0.8798125891220208
ck_43948784650bb9ac,0.43369321654104703
ck_bdb966f43ac350ee,0.713790996129558
ck_5bea0e0ee0b094cd,0.07761254838052556
ck_dff090f03ca5529e,0.058260338154410264
ck_a4691b57f837d88e,0.5950295375840293
ck_99ee90946395d74d,0.9694438785903443
ck_cc81dbc83a8879fd,0.40028519046649014
ck_f3dc0725621b3a35,0.4950091668364229
ck_1bb212d1288b9689,0.47973110613159503
ck_9e7278fc7679f002,0.5278060704827867
ck_3ded7a8720d7e311,0.14931757995518435
ck_798157bcdb9453e1,0.2126706050112039
ck_9fba80f56f357fe1,0.7125687512731718
ck_f1e1c8491f16f912,0.30841311876145855
ck_7b1319a5ca2f63c6,0.9922591159095538
ck_124432fd5c92af7e,0.9488694235078428
ck_148cb0c723284dc0,0.16072519861478915
ck_b56c62c950eda009,0.32898757384396005
ck_a0498755cd8d7188,0.003666734569158688
ck_5379452a9d74efae,0.17498472193929518
ck_6c2453229d608183,0.808107557547362
ck_f9d8b4813a88c1e6,0.2711346506416786
ck_c2c7d1e45a521857,0.6685679364432675
ck_4364a83a11743888,0.1753921368914239
ck_2cdf5fd97ba75e06,0.935832145039723
ck_71bc01291e0533a0,0.4907313098390711
ck_a725d7aed2a0bdc2,0.11020574455082502
ck_a9b0c4dbd7db6a91,0.7954776940313709
ck_a4258806a533efa9,0.3202281523731921
ck_905e460591d9a278,0.8527194948054594
ck_20de8abfd8960ee3,0.6306783458952944
ck_252b0a0f1119b220,0.16928091260949277
ck_95e4bef65c36af1a,0.01711142798940721
ck_5ab68b434ad53fea,0.21022611529843147
ck_13677a1957078827,0.0401303727846812
ck_d251e9fa09e542dd,0.9969443878590344
ck_700cb620f300dd47,0.5349358321450397
ck_39a68c55a1bd3ace,0.9032389488694235
ck_61a59a7944d6c53e,0.9580362599307395
ck_db6d1c6d31da967a,0.16663271542065594
ck_650020c500b1b50d,0.29252393562843754
ck_d812eb6930192793,0.0016296598085149725
ck_92f6ebc11ebca89b,0.8661641882257078
ck_d87e26eb5bc84b01,0.010185373803218578
ck_66439e697695224c,0.01955591770217967
ck_f21efd504faa654c,0.16174373599511102
ck_15eed0f5652f0352,0.5848441637808107
ck_bcdbf57d98dc0d27,0.886534935832145
ck_873ceb8004d3a9f7,0.598696272153188
ck_70bef9ddd4bab005,0.3888775718068853
ck_7560f1891d66f294,0.014259523324506009
ck_f439f16f8693883f,0.37950702790792423
ck_14f9535e53f9c7a6,0.4689346099001833
ck_5984be472d2bc267,0.8710531676512528
ck_ed01be7504dc4187,0.7068649419433694
ck_dc3d8b5c17b67ae9,0.05500101853738032
ck_9dc23031b6b494af,0.8378488490527602
ck_fbdac0221bc03f66,0.5078427378284783
ck_863708a99b92ef0d,0.5204726013444694
ck_22b52654776a1ea8,0.976369932776533
ck_a0714f98001efa0c,0.653493583214504
ck_9c56114f84e9a541,0.42717457730698716
ck_e155cf506b2fb699,0.20309635363617845
ck_65ed7e72f24731e7,0.2919128132002444
ck_822d6e8e43befc72,0.941332246893461
ck_b1182471d9ac6b26,0.03340802607455694
ck_821446adc95e6da5,0.3456915868812385
ck_ff182f033134dbb8,0.43939702587084944
ck_9c5feef7647b0588,0.537787736809941
ck_df935d8bdd44883e,0.3383581177429212
ck_01eb24c18ad11fca,0.7895701772255042
ck_00d6730134a1eb51,0.7109390914646567
ck_79ba8e85678d0224,0.6667345691586881
ck_97e3b04a1350f6e4,0.6565491953554695
ck_74e9747954a46eaa,0.07048278671827256
ck_397d5fcc9972f909,0.873905072316154
ck_9ede89e8a43c3f53,0.6209003870442045
ck_303b33910d67f306,0.21389284986759013
ck_3c17841636f6f7dc,0.24628233856182521
ck_78730527f8ba1438,0.8496638826644938
ck_5ee32bc6bb5d1d4c,0.7135872886534936
ck_a13fee8cd925d0dc,0.3662660419637401
ck_6f847263379f2e43,0.8211448360154817
ck_9b9d9e579e7b55b2,0.7060501120391118
ck_87c1d0a79e79c84b,0.5893257282542269
ck_bfc453eabb472f91,0.28478305153799144
ck_978c21bb5fe3171e,0.6679568140150743
ck_dd882323474431d4,0.8553676919942962
ck_533c4f7400d5ab22,0.6392340598899979
ck_5f217bfe28954e75,0.9849256467712365
ck_ae96d35465b3b4bd,0.10755754736198818
ck_512ebe97c0af94dd,0.8431452434304338
ck_f558fe02bb0219b8,0.8013852108372377
ck_84092e23d5ef4d51,0.8268486453452841
ck_17d3022ca12eacd7,0.355265838256264
ck_8a8f81bf3558fd9c,0.3401914850275005
ck_0ada6fed1864e7c4,0.5897331432063557
ck_21fe7bc59dcd78fb,0.41597066612344674
ck_e136e20c1c74fe38,0.4275819922591159
ck_e7a530e09d113dd7,0.41800774088409043
ck_7cb0c9ded4d63027,0.7001425952332451
ck_102db9615e722c9e,0.8221633733958036
ck_129e39ddfde92eeb,0.2206151965777144
ck_d730ff21bfd7769d,0.29782033000611124
ck_54459b45d2be8459,0.019963332654308413
ck_7f1c20319eb60aa6,0.9981666327154206
ck_939fede90473e412,0.4475453249134243
ck_e0f9506a6d5f4a1a,0.17518842941535953
ck_9a4967cdf49265cd,0.9119983703401915
ck_b9eaf03453ac7d5f,0.12670605011203911
ck_522477be6376b450,0.2902831533917295
ck_9b6282e3bad50710,0.6563454878794052
ck_a0e3a2facd508e49,0.7282542269301283
ck_97ffae702f7c3d08,0.044000814829904256
ck_344a95cb7115ec67,0.5066204929720921
ck_1f2760764afa45e8,0.008148299042574863
ck_720cd658d11ea428,0.5870849460175188
ck_04e32ee9834c088d,0.9480545936035852
ck_2bb1389e5e72c8f4,0.647993481360766
ck_961e7dbc217cfbbc,0.19820737421063353
ck_f3bce4eccfa6d6bb,0.29394988796088817
ck_e0ccfa0d689339be,0.36280301487064576
ck_98217aeafa0bfefd,0.7769403137095131
ck_a02aeec1914c158a,0.5995111020574455
ck_20a17e8f206a14c8,0.5422693012833572
ck_114c32aad4b6183f,0.6816052149113873
ck_79f5198f0decef20,0.31920961499287026
ck_2209de229b4c71c5,0.6135669179058871
ck_6ee939b7f396975f,0.5691586881238542
ck_202f0c14b07ace01,0.4795273986555307
ck_fa24db9d416ab904,0.252189855367692
ck_cf6aa24b92c4d33c,0.9661845589733143
ck_45f57fb8194cefc8,0.3776736606233449
ck_d5eb179dc45394c6,0.6956610307598289
ck_efb24be983342f75,0.2638011815033612
ck_245f5d62ead5ef28,0.6445304542676716
ck_15fe2a47fa7e92ea,0.024648604603788957
ck_b6527a85fd682554,0.7249949073130983
ck_11f9390a11ce9ff5,0.6555306579751476
ck_ffb4d892c5158201,0.1425952332450601
ck_d4c1da5a1427fd6a,0.6954573232837645
ck_2c041b1efb1c5063,0.4632308005703809
ck_ecc18f40b33be769,0.7787736809940925
ck_0525349f3945375b,0.8474231004277857
ck_0bfe62e0c7eab9c9,0.7559584436748829
ck_b7c37d410b1646c2,0.4734161743735995
ck_4b15b0746318cf42,0.7331432063556732
ck_e5ee006ecd8ff661,0.8176818089223874
ck_ccc83cf66365357b,0.7626807903850071
ck_34a33ffe8339f66d,0.9690364636382155
ck_4e39e3b165edab58,0.9209614992870239
ck_1a71f8081ae00190,0.9790181299653697
ck_ed8f1200fc049c40,0.9647586066408638
ck_8a5a57858e8c77f3,0.5612140965573437
ck_fff9fdc2adf5100b,0.9749439804440823
ck_c76f1bf40f3b787b,0.013852108372377266
ck_1a6ddfeef82b1b1a,0.2470971684660827
ck_478d2667aa9896d9,0.4526380118150336
ck_641c8e7694b21f3b,0.35221022611529845
ck_293581d879f6663b,0.9818700346302709
ck_1bfa8abdb22be8f0,0.5058056630678346
ck_05ab5b03d0bf9ce4,0.9136280301487064
ck_35694db37f0cde7a,0.10002037074760643
ck_fe33eb743d714c03,0.5021389284986759
ck_abd10fbcbaf2b038,0.21715216948462007
ck_46d51648c1bf80e5,0.8682012629863516
ck_5c8390017fabfaef,0.38521083723772664
ck_87d55ca333f22072,0.027704216744754533
ck_c39c6a1453e2b92c,0.03177836626604196
ck_69ff1b0aa143a168,0.004888979425544918
ck_e57c79eaab35ded7,0.27194948054593604
ck_463ae759e2b6ad1d,0.8999796292523936
ck_0dae4a7eb587f3ba,0.2788755347321247
ck_9b12fb56529ebc4e,0.5056019555917702
ck_1af547077ba2dd03,0.8820533713587289
ck_de13de941bebc7cf,0.0008148299042574863
ck_83dde7da2bf647ac,0.4196374006926054
ck_c80a94d4660041fe,0.7423100427785699
ck_f39cfeb277ef6528,0.018129965369729068
ck_1cec1ed1512a2d3d,0.05194540639641475
ck_7955a359b6448799,0.0896312894683235
ck_8c0955dad13c3ca1,0.3204318598492565
ck_6d4cd2de601a2308,0.7663475249541658
ck_f4536ba8dd2d551d,0.27704216744754534
ck_b379c198d6db2d62,0.6227337543287839
ck_76ea90ebc74bcdc7,0.658993685068242
ck_734f06bd4aa92781,0.7645141576695865
ck_677e1d0c14cbf569,0.3768588307190874
ck_259271c70f3fbcbe,0.6536972906905684
ck_c0b744eb9e7d4eb7,0.4027296801792626
ck_3d41faeb96802f68,0.1360765940110002
ck_8f604fa70fc3c8e3,0.36830311672438376
ck_0b3c3bea0e0ed339,0.35282134854349156
ck_be5df076b8a86409,0.06274190262782645
ck_6a475fe324d7d790,0.4432674679160725
ck_3ba3fa5387bacee8,0.0030556121409655735
ck_324b9939d9c1c31e,0.3086168262375229
ck_a7fcf7b592f68ca1,0.5438989610918721
ck_5b2728f7cca414ae,0.00020370747606437156
ck_5f4a25ffd0b85a47,0.32124668975351395
ck_63d4f5076fe4406e,0.038500712976166224
ck_af528d66c86f0cb8,0.9077205133428397
ck_ac7cdb9b8da7b5dd,0.6223263393766552
ck_3bece63711407e25,0.31350580566306785
ck_d4e0b2a12fcfc35e,0.1468730902424119
ck_ee3e7c9d3a9c74b4,0.8148299042574862
ck_50d7c4dab837bf66,0.2945610103890813
ck_ebcb93a2990fc914,0.5339172947647178
ck_2329cc9702cdf7a0,0.5023426359747403
ck_db1fa53d588bf99e,0.4228967203096354
ck_44e57a0bad5a0745,0.413933591362803
ck_472c81a144f4631b,0.1941332246893461
ck_1658429acd5306ba,0.21939295172132817
ck_466103ec5bd9444b,0.4554899164799348
ck_9757163e25262b74,0.48889794255449176
ck_34ed59bc2c9b0186,0.16866979018129966
ck_b7bd3a7f263f4f29,0.6893460990018334
ck_149662b09d632e41,0.6323080057038093
ck_a9ffd6b3957bd41e,0.12303931554288042
ck_ab80466ef615e85c,0.25606029741291503
ck_f2c824d3473db24c,0.36545121205948256
ck_a4a01fd45936b078,0.7698105520472601
ck_8f6ce158c2902877,0.04746384192299857
ck_5189a302cfa7cefd,0.012222448563862294
ck_430a3d03be588201,0.45671216133632103
ck_b5f9dd00914b4db4,0.26033815441026686
ck_52dec82e9cf6135a,0.3501731513546547
ck_95e444a01e2ab4a5,0.3149317579955184
ck_e37cee7b123692af,0.5687512731717254
ck_d68d42858a55adff,0.783458952943573
ck_3abfc010091d679d,0.08514972499490732
ck_cee4e4e1b62bf82f,0.7386433082094113
ck_9ccb17c35e636c5e,0.2829496842534121
ck_f72a5a3b0d6c1177,0.2599307394581381
ck_7508aa554fae6afb,0.8384599714809533
ck_003aa842b7ca1d77,0.9201466693827663
ck_83b2b192f41ee2bc,0.889794255449175
ck_64796b6b2c3c7f06,0.6771236504379711
ck_6438ae81d43cb196,0.3110613159502954
ck_2bd73d9098504760,0.8537380321857813
ck_aa8b9b36a099e4c8,0.8091260949276838
ck_e5ece47d0dd10526,0.6987166429007945
ck_16077ac345472e6a,0.7689957221430026
ck_a4d6e152b0076964,0.057038093298024034
ck_d90b1d03ae151f62,0.4173966184558973
ck_18b36d342b530af4,0.6596048074964351
ck_2a01e610348b84f8,0.7457730698716643
ck_0a93ed76bf36c8b6,0.3955999185170096
ck_3d56b477fe2370b6,0.7290690568343858
ck_17ab3068fa303682,0.39071093909146465
ck_592a3520d841d11b,0.6777347728661642
ck_84d07028b5fca2f6,0.697901812996537
ck_f4a2bb10afa85743,0.5999185170095742
ck_4fe4b072f03f2c1e,0.07700142595233245
ck_9ad08fcc183ea1e7,0.026278264412303933
ck_130d3848b9dcdb05,0.279079242208189
ck_bb399ed6bf28c230,0.6164188225707884
ck_a31a64a39a2c4941,0.21511509472397636
ck_c49f25dfb39909cf,0.9099612955795477
ck_55f50a9ae2db8ff7,0.48136076594011
ck_09faa4e771cf876b,0.2242819311468731
ck_df520a7a6e405889,0.45182318191077614
ck_8c8c98cc694ac900,0.7154206559380729
ck_7f0c4f609673ef62,0.5320839274801386
ck_f51fe59cd445d2cb,0.15563251171317988
ck_b3fb83f0d772a831,0.47830515379914446
ck_d6e7e257751c299b,0.2112446526787533
ck_0d362ddb4a1cb6d4,0.4453045426767162
ck_a574a08edaf81781,0.2525972703198207
ck_a823f5bcb0e4b9df,0.14422489305357505
ck_f792586ad0381eac,0.8026074556936239
ck_54bfd70022c66983,0.42595233245060093
ck_fe0a9372c9372de9,0.21246689753513953
ck_5691cd6fdb6d8147,0.6202892646160114
ck_a95f212a02433d23,0.16154002851904664
ck_f5adad75e1c06731,0.6789570177225505
ck_e09c97520eb0533c,0.40945202688938687
ck_a1e13c0d58560340,0.028111631696883275
ck_cacc2ca410cbe80b,0.5665104909350173
ck_c0dde2a6ef1e08c5,0.16887349765736404
ck_a04403073c90ce38,0.04827867182725606
ck_03d3026107175dae,0.6418822570788348
ck_50176dae5b1b716d,0.49684253412100227
ck_6c084bfcb38e96c3,0.6689753513953962
ck_36d2be9012f7909e,0.6915868812385415
ck_958acf84c6137a22,0.5485842330413526
ck_114722e12db90a73,0.023018944795273985
ck_203c2a22c0c165ac,0.3630067223467101
ck_2c44ca550e5cfa82,0.5190466490120187
ck_df0a8f20ab8f14f4,0.18170706864941943
ck_826a27ff7555192e,0.5587696068445712
ck_09a988ebcf062297,0.6775310653900998
ck_5c82444b3b9160ae,0.4679160725198615
ck_f6a4a7ed27fe76fc,0.5243430433896924
ck_17de46314b5c6a92,0.24607863108576083
ck_335e63101b1e6c4c,0.9113872479119983
ck_c5eefc0697451de9,0.7178651456508454
ck_49a0efb5d4067b6f,0.6166225300468527
ck_c1f4509c8f5dac5c,0.33265430841311877
ck_57658eda1c59bc52,0.08087186799755551
ck_0d5c0736ec76385a,0.041556325117131795
ck_e0239e6ae30795a7,0.5355469545732329
ck_e4459115cd8e5e4f,0.8722754125076391
ck_bb4aec09d4968dda,0.8555713994703605
ck_a1b4c96faed3e0db,0.5593807292727643
ck_8247b79ac67aae7d,0.44387859034426563
ck_fe2fc7d6e5d83f09,0.8800162965980851
ck_f6aea576cde8d592,0.0902424118965166
ck_b7e7f7d0cd886412,0.7706253819515176
ck_ca7b993e8286af7f,0.013444693420248522
ck_47de038381a9cd65,0.7311061315950296
ck_d38f941d09eec820,0.7836626604196374
ck_d9ba2a6c0d926b4d,0.2098187003463027
ck_cda72f597330d0f3,0.21185577510694642
ck_16d2d27fadeeacf7,0.4253412100224078
ck_be05447853d423a9,0.06640863719698513
ck_cd92852d7376a4a8,0.3328580158891831
ck_2faf7ecccc9fec58,0.10857608474231004
ck_db8733fd92f20cd7,0.2745976777347729
ck_a9989a3a94c26634,0.5895294357302913
ck_957fb25437c75e41,0.8439600733346914
ck_e6a6caf6e7de17c2,0.40680382970055
ck_f7bc569b37e8bdda,0.6174373599511102
ck_703b375dd86a6124,0.6871053167651253
ck_d3cfb3603f2c6ca3,0.7991444286005296
ck_07cb2b6f2a4303e1,0.41372988388673865
ck_31631e2028d4f855,0.6465675290283154
ck_1631bab0ba1256db,0.7474027296801793
ck_5fdafeaec036f016,0.4805459360358525
ck_6eda4c36aecad602,0.13363210429822775
ck_bd1bf9e3e29de281,0.706661234467305
ck_bf378ea558a4125f,0.9537584029333877
ck_7aa2deeda0e57412,0.9794255449174984
ck_d229cf7f5a3f38ca,0.42819311468730903
ck_9e109edd124492a5,0.07353839885923813
ck_779491819995625d,0.8535343247097168
ck_b89c6fa2ad0a12f5,0.6268079038500713
ck_1d01b4a609918c4e,0.9185170095742514
ck_714c5d7cb17bc9f2,0.5648808311265023
ck_269f1746f2609ed4,0.5015278060704828
ck_4be03a2aa62b93c7,0.014055815848441637
ck_cf920313f6dd28fa,0.4856386229374618
ck_fb00aae4e17740c5,0.2055408433489509
ck_085d8c42739e2b10,0.9951110205744551
ck_c72a7d0d03cf3e17,0.8457934406192708
ck_8f6ca5d3b17eac6e,0.10226115298431453
ck_d9573100bbff4014,0.8977388470156855
ck_79d6793d1d0cf43c,0.030759828885720104
ck_91fa5032f7aff0f1,0.7964962314116928
ck_87110d84872c0fed,0.558158484416378
ck_8220da627e9992a5,0.4118965166021593
ck_2ae44938847f3852,0.5141576695864738
ck_b0f191e44f9b6f35,0.797107353839886
ck_3049d744b527f4d0,0.11489101650030556
ck_47d3e8d1dd3fbcef,0.5363617844774903
ck_ddf787359d2b5deb,0.060704827867182724
ck_b27a9e39726b26d9,0.38337746995314725
ck_80c4e9274cf976b6,0.9914442860052964
ck_c6afa913168ce8fa,0.6096964758606641
ck_52427b3f8478db19,0.29109798329598696
ck_3b810f15ca0eaa55,0.31574658789977594
ck_0c9e420f97baaa06,0.9633326543084131
ck_f8540cf3a8b2f8c9,0.8182929313505806
ck_1402d24dd623df72,0.38684049704624157
ck_eb4f4267e24d042c,0.18191077612548381
ck_6f661b428d6fb8e4,0.7592177632919128
ck_519a26ecf3d29c90,0.0222041148910165
ck_e886ba71d4a6fd73,0.47463841922998573
ck_437f9ecd2016a1a8,0.28620900387044207
ck_f01af1b0c977cc06,0.154613974332858
ck_614f777c2eb5d537,0.3805255652882461
ck_b804e784cde9af8b,0.4520268893868405
ck_c2dccbc1b24b137b,0.9602770421674476
ck_1df4a1781a0f6999,0.6508453860256671
ck_bd2cdd53fca26171,0.7180688531269097
ck_424c254249a109f0,0.37339580362599306
ck_cf2ca4f286e289ba,0.7610511305764922
ck_6c33cb15b0d8af54,0.4897127724587492
ck_311d395fa9b8550a,0.17661438174781013
ck_9f792e7e721ff7f1,0.23324506009370544
ck_4c37586080edb7fd,0.03463027093094317
ck_7c4f42c5397113b0,0.23181910776125483
ck_fc418f53ce4aa579,0.9718883683031168
ck_1ba28fb7ef726ce2,0.08290894275819922
ck_d932f98bf6b83956,0.7251986147891628
ck_248b3659a9239240,0.600325931961703
ck_6a92cf5f4cf5de38,0.46526787533102465
ck_65519d0fb137e0c5,0.3432470971684661
ck_ddc3fc99eaba2064,0.6143817478101447
ck_7310cda3bc65a73f,0.1448360154817682
ck_c01c85bd631d4054,0.39356284375636585
ck_b4954d16b9749829,0.5284171929109799
ck_f301f6758e170d66,0.4685271949480546
ck_9bf95f8c47e7c7b4,0.49602770421674475
ck_c91b7fccf6aeb4a5,0.3489509064982685
ck_785fa45e86bc5e95,0.5013240985944184
ck_2a65f1cc23f1180e,0.21857812181707068
ck_a49a2c1f881a3560,0.44224893053575065
ck_def344d68f06d749,0.7042167447545324
ck_abbd1465fc730d78,0.3595436952536158
ck_07a5610ed28162fb,0.3524139335913628
ck_7ecdee2d7127be8b,0.6779384803422286
ck_67858bc00e81490d,0.013240985944184151
ck_b4ad165ace910222,0.2493379507027908
ck_30753ffe481a1b8c,0.9109798329598696
ck_c401a26725b17177,0.09879812589122021
ck_819988d8a7f26415,0.1346506416785496
ck_3364a1d9261b3638,0.1898553676919943
ck_c484c5bda389bf20,0.17824404155632512
ck_ae416325fef92c9d,0.9596659197392544
ck_5517b9a865960542,0.4821755958443675
ck_a0e96fed380440b2,0.37441434100631493
ck_e83409471d2b0b44,0.5216948462008556
ck_127273af97d7827d,0.5577510694642493
ck_aaa9861c91bd14dd,0.459971480953351
ck_a378c58294001a36,0.9339987777551436
ck_abb9d65ff1f95b64,0.7653289875738439
ck_a5ecbefa849ae569,0.5121205948258301
ck_aa9953c0ca2bed7b,0.029130169077205132
ck_40bc6de252865f32,0.13852108372377267
ck_9fb11688dcfe1513,0.24526380118150337
ck_ba68841ca2ba073d,0.6905683438582196
ck_1d3e561a7d20be0a,0.987370136484009
ck_99a92d710a29c1d0,0.8103483397840701
ck_ede2e887697ffac0,0.2656345487879405
ck_e6de67c0d82a7b83,0.25239356284375636
ck_6b38763bf5ddbcef,0.35648808311265023
ck_8dd44eead7d765a5,0.7190873905072316
ck_30bf5b0056eea9e9,0.9352210226115298
ck_2981d16f8a51a8ed,0.6404563047463842
ck_fc60f42c68c7024f,0.4169892035037686
ck_8e2b2251ee224aa4,0.42941535954369525
ck_1906f0dfaf6e9bad,0.9437767366062334
ck_dcbe6814fc4ca0b4,0.7262171521694846
ck_f7e958a286ae3b57,0.12059482583010797
ck_713649668a7ca824,0.38072927276431046
ck_6f73cdbf9305e2ea,0.09187207170503157
ck_dd1c490050cd9051,0.611326135669179
ck_e30db36e376606f7,0.8934609900183337
ck_740d8fe8028b5a2e,0.36769199429619065
ck_ebbc9418cd41f692,0.08107557547361988
ck_7b3cc6cc3f250f39,0.6133632104298228
ck_1d30eef7110809e5,0.9150539824811571
ck_77e0589ab339ca66,0.23752291709105725
ck_15ccbf8ff7d14086,0.4542676716235486
ck_246989b0c288664f,0.43654512120594824
ck_fc2a6e27b10b10e9,0.17376247708290896
ck_8afc1112c12f5402,0.3071908739050723
ck_a76e8d83b9141364,0.7702179669993888
ck_51d3e8dd7465c015,0.22978203300061112
ck_e7b4016909405981,0.33856182521898553
ck_e7a3cfb9bf908e80,0.7962925239356284
ck_2bb49dc2388cdc1e,0.07903850071297616
ck_94f4266ee7871345,0.5544917498472194
ck_b2c896beec146477,0.4778977388470157
ck_fcf5d4a4748cdd53,0.45304542676716236
ck_fd0483639811f62e,0.858015889183133
ck_9a21d183524734aa,0.5972703198207374
ck_1df4b46c0a4c317d,0.6013444693420249
ck_638df9e8a22dfe0b,0.5493990629456101
ck_65acc43a6dc3e65d,0.11040945202688938
ck_7c67b73196e3d0d9,0.4634345080464453
ck_b0ee3a98175b462d,0.0930943165614178
ck_20fad010969f1abf,0.022407822367080873
ck_54b087bd873af8b8,0.17579955184355267
ck_8007824431fa803b,0.2733754328783866
ck_23aab322810b9fec,0.3927480138521084
ck_c8001bdb9aafc8a6,0.22326339376655124
ck_3a34c3ac83cf84b3,0.3080057038093298
ck_60187ac2c473a662,0.9845182318191078
ck_6a0ccd7357979f0f,0.7573843960073334
ck_27f20337bef5ffe0,0.5563251171317988
ck_f9fc468915afe49c,0.8478305153799145
ck_1eabc15a94bd9009,0.42371155021389284
ck_26896c494b2768ef,0.43776736606233446
ck_348c874eaf0354f4,0.8584233041352618
ck_be9c46acd216b45d,0.736809940924832
ck_a3cce46d15cc20a2,0.8156447341617438
ck_70804f60d9704128,0.6243634141372988
ck_a019151ca8e7527a,0.5500101853738032
ck_571133b2aa8ead51,0.5294357302913016
ck_0afa4449f20d5196,0.40293338765532694
ck_4d503c41cf4e5034,0.4819718883683031
ck_d6fb9cc5171e3e9b,0.953350987981259
ck_05ed92a7c3e10e5d,0.5793440619270728
ck_bfb067986660afe3,0.7685883071908739
ck_c1a31690c8573226,0.4589529435730291
ck_cb88ef3dc1f42225,0.11774292116520677
ck_21e3b3bd998745e5,0.9140354451008352
ck_cf52e46fa54e4540,0.011611326135669179
ck_b72c7ac4208052ab,0.4532491342432267
ck_e6465c56b337e6c2,0.32695049908331636
ck_5f87eb05d18186c0,0.3949887960888165
ck_263f6c5ff26b5e98,0.23243023018944794
ck_e0b7e2c0bbe228d9,0.16744754532491343
ck_b657ae3c146cb7bd,0.19678142187818293
ck_abac514d8167ea58,0.47239763699327764
ck_024dcab126876002,0.6968832756162151
ck_5d8481e2b38bd99d,0.8372377266245671
ck_edf229c17d25dac1,0.8024037482175596
ck_6cb7c97b72d6b5d3,0.614585455286209
ck_c96ae2c28086a059,0.7388470156854756
ck_2f241b97c0f8389e,0.48604603788959055
ck_9158bdbb63ee8987,0.3579140354451008
ck_e7b40b60786c1530,0.014870645752699124
ck_66d38518f68e6194,0.00651863923405989
ck_8c9b57ad2a991416,0.32919128132002445
ck_cc91bd7152d3e9ba,0.378284783051538
ck_0d846660c7957a88,0.19392951721328172
ck_60896cdac2212bea,0.8893868404970462
ck_dc4db8b932df49de,0.7459767773477287
ck_2dc31db181150e20,0.15094723976369934
ck_2f138fce1171e277,0.16724383784884905
ck_68b8b859a6ef505b,0.6917905887146059
ck_c3fe0c6c5e1f40f6,0.3208392748013852
ck_15886fe84866de92,0.24668975351395397
ck_ea269b35406473e8,0.1283357099205541
ck_3ce7cad1f69b71d6,0.245060093705439
ck_054ed4288ee58d6e,0.7720513342839682
ck_3d4913a86f207fee,0.838256264004889
ck_23ff85f9d2355e8d,0.550417600325932
ck_d87ab3261322216a,0.04135261764106743
ck_fac046ce336fe39d,0.35546954573232836
ck_beb97e498e6cf8e8,0.5538806274190263
ck_1f517e0ebf397b51,0.2886534935832145
ck_0af57ebaa45877a1,0.20105927887553474
ck_f99bc1732ce5e999,0.6752902831533917
ck_abb056a9deab275a,0.7398655530657975
ck_0bfc394c5faa65cb,0.7942554491749847
ck_ddc865af1dd5670e,0.39865553065797515
ck_68b5542459638b56,0.8940721124465267
ck_0b1d84252c0b46c2,0.05866775310653901
ck_520ec32c4f253604,0.7671623548584233
ck_79ffcfee599d77c7,0.5098798125891221
ck_eb224c0fd146253f,0.5742513750254634
ck_0e477084434da450,0.4261560399266653
ck_07840bba5570785b,0.8961091872071705
ck_6b67fe8e310ab865,0.5445100835200651
ck_e2a1068c2fa22525,0.7192910979832959
ck_b9c6b32f6bd92a3c,0.5149724994907313
ck_c1e7d1021ae58f00,0.006926054186188633
ck_5d7801201749ffde,0.41943369321654106
ck_c8806749e263f70b,0.014463230800570381
ck_c9eeab826781dc91,0.47545324913424325
ck_309a432c160a17b3,0.44795273986555306
ck_b22e3337b8e3dbb2,0.5302505601955592
ck_79c30169c71b8033,0.9564066001222244
ck_5a6593d954085775,0.7793848034222856
ck_70b9b79ea1aacba8,0.3760440008148299
ck_63743141ffa11f45,0.5371766143817478
ck_dfd3dbd0d97a642b,0.39234059889997963
ck_635646a661f05b4a,0.6526787533102465
ck_4b123d6931b6d0d7,0.9458138113668771
ck_f2b0e7a47f442557,0.9356284375636585
ck_1b1df006b81d38ba,0.26319005907516807
ck_360237c1bd30f4bd,0.6814015074353229
ck_5e84bca0e362da20,0.4463230800570381
ck_142dba210ed2f3b5,0.8641271134650642
ck_a3564236069e3524,0.9005907516805867
ck_cf36d8b070ded782,0.6665308616826238
ck_ddd6625c5eddad70,0.15441026685679365
ck_ad54292a0b2f44ef,0.45223059686290484
ck_45cd5ef6b359e9b4,0.13342839682216337
ck_982c2392238b7be3,0.9130169077205134
ck_083e4ac78685c3bb,0.6461601140761866
ck_729cc0b46cc2e546,0.8563862293746181
ck_f2b8995fe5402759,0.3310246486046038
ck_73e24f5a8da289b3,0.7056426970869831
ck_bd85f30c36f5998d,0.637604400081483
ck_ee4ff3aeadf912c1,0.0973721735587696
ck_63d2978706e193d2,0.4992870238337747
ck_6a0684436a1e66c3,0.9392951721328173
ck_182dc4a2f5a366da,0.005092686901609289
ck_e6fecb82fc2a82de,0.2558565899368507
ck_cfb06f07394dfe64,0.042778569973518026
ck_7bbe1dc8add17ef0,0.3450804644530454
ck_5cacad76e02c8e3d,0.9470360562232634
ck_ca68dec0c7df5a12,0.31615400285190465
ck_e4c0fc52c82065d3,0.30169077205133427
ck_f9197b070416f443,0.06905683438582196
ck_2a07c7021b71cf65,0.8085149724994908
ck_4fa85cebf707de2c,0.010796496231411693
ck_0063d2a9507467e5,0.1454471379099613
ck_ec986285fff05b7d,0.09248319413322469
ck_279d43303708109b,0.41821144836015484
ck_a406bf11e48cf8c5,0.8645345284171929
ck_064b2aa3f0bfdb6e,0.797718476268079
ck_95790440bc4bd2d0,0.4296190670197596
ck_70066eea13b4c34f,0.37726624567121614
ck_19468fe07e26f992,0.9853330617233652
ck_86bfe328e0a533b9,0.9871664290079446
ck_ace3b96c977a7560,0.9164799348136077
ck_642344e5c652d8df,0.6035852515787329
ck_074be35c951ae10a,0.5231207985333062
ck_f14dce41036486a3,0.9975555102872276
ck_5cf67a3a747e684d,0.9256467712365044
ck_f7285b92648c1c81,0.031982073742106334
ck_bef3193f124fca5c,0.6532898757384396
ck_05c4dcbb45de1f8d,0.40660012222448566
ck_d7c28eaa05bb7144,0.682012629863516
ck_320df984791a1b99,0.32185781218170706
ck_f45bad1606fa00a7,0.4355265838256264
ck_6f81c199e986d9fc,0.3452841719291098
ck_d0c9633fed57c344,0.6072519861478917
ck_a3c25d6cc7478068,0.25463434508046445
ck_4185506d12cf9fa0,0.010389081279282949
ck_7a02ee1bfba7353b,0.545528620900387
ck_1b52590757c0fbeb,0.7329394988796089
ck_a0e5656e1cf9cbf5,0.10653900998166632
ck_ace21f6daef94f6e,0.2285597881442249
ck_646d8d0834782d6a,0.8307190873905073
ck_1f136a4476b5e775,0.6426970869830922
ck_325c7643cce02da3,0.7734772866164188
ck_9b5e7fe28208f5d1,0.31187614585455287
ck_05d81b1a150f31c5,0.24159706661234467
ck_0e9ec486bff403c5,0.41006314931758
ck_ee13c091bc379188,0.309227948665716
ck_f7a7f8f5903617c5,0.47199022204114893
ck_96c3a3517153390e,0.5143613770625381
ck_538dad7f096458ad,0.4721939295172133
ck_8758fc6622bbb7df,0.5644734161743736
ck_f7e53af3c91fec64,0.7643104501935221
ck_80b50fad7f255e1d,0.1770217966999389
ck_9645e7adc08631b5,0.5335098798125891
ck_e007aedbf37d6ec7,0.6995314728050519
ck_2951d76c41de2569,0.8046445304542676
ck_9439bff87e616d4a,0.3589325728254227
ck_a73045e96af0e4fe,0.554288042371155
ck_7b382e533e2e925a,0.4823793033204319
ck_730226c2d216cacc,0.21674475453249134
ck_bdf837d761a7cec2,0.9081279282949685
ck_0b34197335ba3341,0.5375840293338765
ck_49170c4b31a20f5c,0.17437359951110207
ck_cd553ba6589d8bfd,0.5616215115094724
ck_56b992c6f136fa5e,0.8360154817681809
ck_8beae3d7328fa41a,0.8011815033611733
ck_1a065ea906ae3d6a,0.16704013037278467
ck_e9e3381d5e0e5051,0.20961499287023833
ck_a6d4f998dadc90c2,0.9557954776940314
ck_d36733da917115a6,0.3703401914850275
ck_e738e920bbd74a7d,0.2970055001018537
ck_af65eb885a51048d,0.039722957832552454
ck_73f4eb09af29b1c0,0.5267875331024648
ck_8fc641b1750a2542,0.8789977592177632
ck_41b954c7a948c060,0.12385414544713791
ck_25fc3010e8a0f6d7,0.163373395803626
ck_a2624e0387974e0e,0.6416785496027704
ck_5cb9d7b2329d5ab6,0.8358117742921165
ck_6c83aa1d100a7cd8,0.8242004481564473
ck_67025c64588abd1e,0.16642900794459156
ck_f5dde68f6f0468e1,0.0802607455693624
ck_46bfb2cfc29a6d2e,0.1992259115909554
ck_49dddb894d33f6db,0.24241189651660217
ck_f738b633b8862d18,0.009574251375025463
ck_3d6c3c00d854f5a4,0.8794051741698921
ck_cdb8061d8d1a6c5f,0.08209411285394173
ck_5e1b81848718bdc3,0.3713587288653494
ck_8def763034187436,0.46750865756773274
ck_8f8e4fb9c6190272,0.5489916479934813
ck_368b968b5f33431e,0.009777958851089836
ck_ba7e347251ea399b,0.7918109594622122
ck_9075432001a64e75,0.7284579344061927
ck_73c5371635aca173,0.9313505805663068
ck_81793387b38047cc,0.3243023018944795
ck_0cf220816e320ac5,0.05377877368099409
ck_820219bb9c761b52,0.9181095946221226
ck_70a932ab39d86a24,0.016296598085149726
ck_2c4be237a7ed79c7,0.006314931757995518
ck_acc764b49ef02826,0.9260541861886331
ck_74c3c3452e4e7cce,0.07150132409859442
ck_34dfb57e5bf31d2f,0.5724180077408841
ck_6ec39903f765956d,0.35058056630678347
ck_5986119e7d81e831,0.7826441230393155
ck_2ddfc948b8eac752,0.9207577918109595
ck_921ff5ceaf40a968,0.6172336524750458
ck_fb3b68b4424b5f92,0.8510898349969443
ck_c3db1b3ad4f16679,0.26624567121613363
ck_124a197be41687f5,0.49052760236300674
ck_c58d9151834f5bad,0.5432878386636789
ck_389607982eb6b701,0.9517213281727439
ck_fb0c138c003e933a,0.09105724180077408
ck_50d0bb7edd8c69c0,0.6897535139539621
ck_c6cb651149dc9a8a,0.06966795681401508
ck_81e21354e477eceb,0.8209411285394174
ck_7696e38b3e4197b0,0.5357506620492972
ck_586001d3ed9e7fbc,0.20594825830107966
ck_bba413492dc46f2a,0.2583010796496231
ck_95b894380ad2702a,0.930332043185985
ck_277621473369614f,0.996129557954777
ck_a50621b5eeca84b4,0.21104094520268893
ck_bfa7ba218b988cde,0.8944795273986555
ck_5ea89567dfe78e4b,0.46302709309431656
ck_6c679602a6476ab2,0.3697290690568344
ck_d3885e286b3b11d2,0.8796088816459564
ck_cdcf6671b37c9c92,0.6801792625789367
ck_b5c93e6d34f8d366,0.05459360358525158
ck_c24f61925dc158d5,0.7726624567121614
ck_cd09375e6c81d2c4,0.6431045019352211
ck_a95afc7a00303a26,0.22224485638622937
ck_8e89ca8b39f3f8ad,0.03544510083520065
ck_9a84b396aada3fa8,0.8015889183133021
ck_5124a2e415384945,0.6932165410470564
ck_d66bb1f063357f99,0.2420044815644734
ck_0fd9312411b0ac55,0.5903442656345488
ck_ad8cbe6e27e47ede,0.46241597066612344
ck_8398adeaf41f9cae,0.511509472397637
ck_dcf851e7bb5855d0,0.034426563454878795
ck_9affb0f26776b642,0.32633937665512325
ck_f0424b3b36bdbef0,0.8258301079649624
ck_66746d1090d6d9e9,0.5304542676716235
ck_e5f8c8a5824db594,0.6105113057649215
ck_3e91dcc209431984,0.25402322265227134
ck_126a82e8d42e5ce6,0.06824200448156448
ck_38e4a74ab256e2eb,0.5636585862701161
ck_1225a97fc413a419,0.6909757588103483
ck_9b5ec0f78e160e65,0.04481564473416175
ck_7c5529bcc079600b,0.45956406600122224
ck_29640fc2fe81c251,0.5068242004481565
ck_160e9ba0a3f7c1fd,0.2684864534528417
ck_bff090cb4ab76b9f,0.46954573232837643
ck_aa06ed358e43db69,0.6714198411081687
ck_7264486eb512d84a,0.22754125076390302
ck_f5a32e6160b28379,0.46180484823793033
ck_4ba8bec14c2217e1,0.4357302913016908
ck_610815786d729d2f,0.2963943776736606
ck_e267999226b6321b,0.10246486046037889
ck_f3996a3c8eea1ea0,0.5982888572010593
ck_e9b75ed7567a3f23,0.6196781421878182
ck_d21612d48bb4f7b8,0.3222652271338358
ck_1f871df76c6a995b,0.6272153188022
ck_953bd5de48ccd70f,0.9667956814015074
ck_02a9104419a6dbaf,0.5551028722754126
ck_1eeeee651e05d535,0.6720309635363618
ck_e2ab04136a442a98,0.12874312487268283
ck_f0d806624ef3d359,0.7141984110816867
ck_4b68b38c1b3326a3,0.40252597270319823
ck_74e60495f8861156,0.3738032185781218
ck_398f3f4cf05c721b,0.005500101853738032
ck_f761b7650a0c1a85,0.8001629659808515
ck_7dadef33f5e2d94f,0.9788144224893054
ck_6ff6883633b8c7ba,0.21470767977184763
ck_4d2159603045109e,0.23711550213892849
ck_a38bd07a5fac5c9a,0.18557751069464248
ck_f517f06551e69507,0.20085557139947036
ck_a7ea00a1760ad561,0.9765736402525973
ck_31fc51d5a3dfe16a,0.6873090242411897
ck_bac5233623b25ca4,0.548787940517417
ck_385188ab27784fe3,0.8419229985740476
ck_9947a323bab5cacd,0.7541250763903036
ck_7973edc9f22ee7b6,0.7914035445100835
ck_f97c477986043755,0.19087390507231616
ck_1a3fd2cc4b4de196,0.8539417396618456
ck_e18ac29ea62cb435,0.749439804440823
ck_9720a472a3e0140c,0.11937258097372173
ck_668c7fc7d7e47c0e,0.6974943980444083
ck_214af0806470ef48,0.44673049500916684
ck_a46c1773f01f0be7,0.8109594622122632
ck_f2bdcfb4203ffdee,0.5658993685068242
ck_40e84e6ffe788a4c,0.703401914850275
ck_dfc6f5712d8d6678,0.794459156651049
ck_01ef1036b2e66a4b,0.5280097779588511
ck_3acfec10eec32f9c,0.36728457934406195
ck_084a85145c15ed77,0.17783662660419639
ck_fcdb4fe2f095fba1,0.7950702790792422
ck_023908db0a193076,0.534528417192911
ck_fec0ff92fd622253,0.7718476268079039
ck_c009c97d5fafbced,0.8453860256671419
ck_eb9f0c06ee017ee5,0.4497861071501324
ck_d7792b429620fc24,0.14137298838867388
ck_5e9e149a3b69c726,0.6783458952943573
ck_ce927322ef8f651c,0.5188429415359543
ck_b8fd61a8e82bce32,0.9773884701568547
ck_9aafc33fba1474cb,0.29904257486249747
ck_ce81ff9b8b35562f,0.6160114076186596
ck_25bfca1d8eaa152d,0.5261764106742718
ck_170c65860e2a7e23,0.23793033204318598
ck_952da7ca9f33decb,0.11448360154817681
ck_1ebd574406235957,0.6215115094723976
ck_589109a188adc2c1,0.20289264616011407
ck_f0cbd5383bb07778,0.7875331024648604
ck_242521e261148fba,0.14096557343654512
ck_509cece86a558de4,0.16031778366266042
ck_0dd7c5925d28755c,0.3293949887960888
ck_a7e669cf1c3985aa,0.5180281116316969
ck_acb84dc2351eeb76,0.0717050315746588
ck_b837c7dac2a9b931,0.5214911387247912
ck_18eb1f9181f95df4,0.2554491749847219
ck_b0b9047dddb1ec84,0.9376655123243023
ck_43aa136bdb0a2832,0.943573029130169
ck_3e47f8c56c811700,0.18435526583825626
ck_77c587d24695ea15,0.7641067427174577
ck_20578ac693ea4e93,0.8633122835608067
ck_b9f6040eebd1605f,0.8574047667549399
ck_ca9d86f65cfdf018,0.7372173558769607
ck_a4fa8833995c716a,0.48156447341617437
ck_f589f1e29301b5fd,0.9122020778162558
ck_961ddb8ff55d868e,0.21368914239152578
ck_5662492a54e6688b,0.6744754532491343
ck_ad48826c1c26eb78,0.9751476879201467
ck_621c9ddde6bf2eca,0.5620289264616012
ck_417a3500b2c717b3,0.6192707272356895
ck_c7e129058beb3ac1,0.4455082501527806
ck_ec1c902b9b9b9c5f,0.8142187818292931
ck_317360ec0a67d27e,0.8787940517416989
ck_3e3ea5d8c4a229dc,0.7893664697494398
ck_d11d27de7bf0b973,0.9476471786514565
ck_d37d56e931105db0,0.07313098390710938
ck_4863077723cd6ce1,0.038093298024037485
ck_479a065d5903e9c3,0.11000203707476064
ck_e66ae4fd586fedea,0.34426563454878795
ck_192bbfd0d5720134,0.47586066408637195
ck_3b436cb29af99f3d,0.6052149113872479
ck_7c7ca54969eed187,0.897535139539621
ck_826ee896c9f1144d,0.966591973925443
ck_ba1f6dd43fc8a0b1,0.1613363210429823
ck_49685deb63e4e8f8,0.588307190873905
ck_687ab5d5554bfa79,0.3752291709105724
ck_41346ccd9242cc8f,0.13994703605622327
ck_8f8e5e2b9dfec3d1,0.9158688123854145
ck_94d5ce61a0c50465,0.392544306376044
ck_6b954c75aad8c012,0.5709920554084335
ck_748af92828c9d288,0.141984110816867
ck_dddd14091ce812c2,0.3540435933998778
ck_723323f6870fab59,0.861275208800163
ck_dbdf8d0708cc6718,0.26196781421878185
ck_f04938570a154de3,0.3931554288042371
ck_58afa1550b3b5294,0.6308820533713587
ck_3b150afde386ecff,0.3903035241393359
ck_666b95e75d99ec4e,0.9592585047871257
ck_e00332597cf1eb24,0.7384396007333469
ck_9a9e3dac79280d7f,0.7997555510287228
ck_e8d37262e859d9a1,0.4116928091260949
ck_895bb39d24bc1c4c,0.07272356895498065
ck_b367449195e36499,0.24770829089427582
ck_d23f9a50d1135ce1,0.5512324302301894
ck_670dc4910cf476c2,0.09146465675290283
ck_3ecd8a5ce65e21ca,0.1124465267875331
ck_8584fea2df4c6317,0.8686086779384803
ck_0789ff4562202b20,0.7382358932572826
ck_749e0e50c3907be8,0.14361377062538194
ck_c3ff6790cc6d7e34,0.36341413729883887
ck_75fb7e56432ee4b2,0.20044815644734162
ck_529fc3170fd11abd,0.7425137502546344
ck_34a69b3b4a681796,0.8899979629252394
ck_255f0e5888ae9e23,0.6264004888979425
ck_65be698386474170,0.13057649215726216
ck_5eec9ed855c26000,0.5235282134854349
ck_5ab39bdc9610f6f3,0.9278875534732125
ck_1b5b75762f033462,0.3990629456101039
ck_d3e208671cf37f91,0.9568140150743533
ck_5068ee554ceff971,0.81686697901813
ck_d7d50fb57fcb2d0e,0.15053982481157058
ck_ba6e1115fceaa067,0.8254226930128336
ck_d07bfb16a4a7dac0,0.9492768384599715
ck_ead68310311690c8,0.9621104094520269
ck_ee53ce862bc9c111,0.8347932369117946
ck_97e56e6037024dff,0.19067019759625178
ck_80b04344c98ec072,0.893664697494398
ck_5954f45a2ab45f43,0.8352006518639234
ck_18ddf7e836256e3b,0.47321246689753516
ck_89a1a780144d808b,0.35485842330413525
ck_a7331e8b808c39aa,0.6484008963128947
ck_a1fd0ad03ff9b776,0.7518842941535955
ck_c0cf50eef030b401,0.002037074760643716
ck_074f20921189e7d6,0.1912813200244449
ck_e2aa7be60794593d,0.8806274190262783
ck_72771757dfb7f7a8,0.5049908331635771
ck_a9cd84a6dddfe584,0.6054186188633123
ck_142c00f9f8557504,0.6811977999592586
ck_221b5d40358230f4,0.7227541250763903
ck_a2d7a563f520b7ea,0.2968017926257894
ck_66cd34bc568d95e0,0.6818089223874516
ck_a17128972d3e507d,0.9003870442045223
ck_bda299466bb2136e,0.714402118557751
ck_2b699066665abe8a,0.4224893053575066
ck_0ac9848bd4ba0c14,0.07109390914646567
ck_98d2f9a6ba3a3077,0.9335913628030149
ck_a872df31b28a5f7f,0.9009981666327154
ck_7e73e1d44ce82ed9,0.3059686290486861
ck_1a415416f620d49d,0.10735383988592381
ck_c95c786d2f8b8edc,0.06396414748421267
ck_e45012f22b7f91d5,0.5007129761662253
ck_aa0b083e2a6813eb,0.836626604196374
ck_4666232ddbf77756,0.20187410877979223
ck_e08e9c8ec5f23d8b,0.387044204522306
ck_31d4c0518e5f52c6,0.06355673253208392
ck_c1ab40638f04cb02,0.5809737217355877
ck_4c1fdd1669c7cf51,0.2660419637400693
ck_11662cc7940ffc82,0.7877368099409249
ck_2e679af24adedac8,0.19250356488083112
ck_454b9e21b7f25a4c,0.20798533306172337
ck_355c4f29089731e8,0.96272153188022
ck_507e40760a24d2d5,0.5960480749643512
ck_0943e0f305078e34,0.9959258504787125
ck_abc54ed7111e9ed1,0.13913220615196578
ck_a60fe02fc04407a9,0.7451619474434712
ck_244b897bb4d57c1f,0.33346913831737623
ck_8c84fcde93a04334,0.9317579955184355
ck_9eea37d2de633b27,0.34039519250356487
ck_b2cb9e6610eca967,0.29537584029333874
ck_09aadb4c41b166f1,0.708902016704013
ck_8d94fbb4828ef326,0.23731920961499287
ck_089e3a07abbe3b8f,0.06559380729272764
ck_dfee9de05e3971cf,0.2996536972906906
ck_6abf8302ce052451,0.7673660623344877
ck_6ffa90143838a4a2,0.04033408026074557
ck_325caeab5c7a9c3a,0.42737828478305157
ck_1964ee9db929a173,0.9702587084946017
ck_942b95988a6245a6,0.8333672845793441
ck_913ecdeeb8e21a9c,0.40089631289468325
ck_ecf9794349eb4b3b,0.8339784070075372
ck_b6cb8d6ae828eed1,0.767569769810552
ck_2f82ea66c4f53b33,0.7292727643104502
ck_6e676daa4855b58f,0.8301079649623141
ck_2a37fef48b44e9c8,0.4891016500305561
ck_3bd12d468fdc2450,0.5856589936850682
ck_1a28b6a40a6bd3b4,0.7465878997759218
ck_61b79dec96d15713,0.02872275412507639
ck_31d5e3daced93d3c,0.20391118354043594
ck_e6c8611c0cf233d7,0.23772662456712162
ck_f04761b4a937ac3b,0.16765125280097778
ck_38c1c75cf055031b,0.7013648400896313
ck_59a561f3df01441a,0.9193318394785088
ck_04e40f556a5062ef,0.30556121409655734
ck_8409716d174635b6,0.8083112650234263
ck_3019afee83342701,0.8376451415766959
ck_b51a58e7f032c9a8,0.774088409044612
ck_5043e474f848346d,0.38847015685475655
ck_4388abce33ecd01b,0.9217763291912813
ck_c93def7392f0aff5,0.8804237115502139
ck_72e7b1acc19df820,0.22652271338358118
ck_f253130dc3ca5b3c,0.5155836219189244
ck_eb264d1b180d4b4c,0.5862701161132614
ck_c2504f5a113433ee,0.015074353228763496
ck_c16ab1e4dafb4910,0.8195151762069668
ck_4bc42878fa180991,0.6608270523528214
ck_1c771a7c78f6622c,0.6015481768180893
ck_d523f0e50a2747ad,0.08127928294968426
ck_9060f4e7ab7a1b0c,0.43104501935221023
ck_6b55ec4e87a5e22c,0.9521287431248727
ck_55fc62a5f89a7251,0.12365043797107354
ck_bd2545c62f258231,0.735180281116317
ck_1ccdc69d0bb712b4,0.8602566714198411
ck_710f867a3bd5898c,0.051741698920350375
ck_f91d48c40337d375,0.09533509879812589
ck_f76d929541ed41dd,0.5565288246078631
ck_e26a6659c237b650,0.6826237522917091
ck_184983177b73dea5,0.46873090242411897
ck_6d0d081bfa8a0022,0.7771440211855775
ck_2f6e64f638da0f97,0.16296598085149724
ck_15b93103ccd38609,0.41658178855163985
ck_094d10439b7b4eac,0.3440619270727236
ck_d2ca47180a926ba2,0.6048074964351192
ck_a69ca7b9d70972bb,0.2633937665512324
ck_68914e67343a7d32,0.4715828070890202
ck_8176616132458c0f,0.5276023630067224
ck_eee99af3598311b8,0.824607863108576
ck_94410eedfca91304,0.5208800162965981
ck_cfb11a0a2325bff5,0.2314116928091261
ck_75217ee144b715f8,0.7765328987573844
ck_d56fc799542299b8,0.230800570380933
ck_4c352dd3e7c81269,0.5988999796292523
ck_e23e50e02cb3904d,0.8490527602363007
ck_b921af37d500e139,0.4801385210837238
ck_82181b935360dcbc,0.9889997962925239
ck_22a7cf3b99c5e5fd,0.5530657975147688
ck_f67ee7910d532216,0.3892849867590141
ck_5f48762a14a0326f,0.1303727846811978
ck_1757fcb0e6e3f88e,0.7981258912202078
ck_2c2f080ba185016e,0.4622122631900591
ck_4c25570eb72711b8,0.280708902016704
ck_a3be871ca22ac416,0.35139539621104093
ck_ab70961e7c6695b2,0.5184355265838256
ck_a1cdebfc42a52448,0.1352617641067427
ck_f1b80b821a20186d,0.5681401507435323
ck_ae668e4564cd2aa1,0.08189040537787737
ck_0e2bc3a5afa439d8,0.758199225911591
ck_3dc378f37d0b74b8,0.6123446730495009
ck_9f9555197480d1cd,0.17457730698716642
ck_bf4e7d48770a4a8b,0.907313098390711
ck_614ef655f0685060,0.14952128743124873
ck_04d2ea38ee27770f,0.09940924831941332
ck_e03a9d8ac94161d5,0.21531880220004074
ck_d4007b5b26d9d854,0.15013240985944185
ck_2dd147ce6d61749f,0.7390507231615401
ck_ff45764ea7d6619f,0.6938276634752495
ck_dbc487cb0a6c18da,0.9262578936646975
ck_791d5392bbd80447,0.11122428193114688
ck_b4068439c413b150,0.3709513139132206
ck_85df7b7de9700aba,0.043389692401711144
ck_001e42551cd06e40,0.32246893460990017
ck_a6c02ae50932cd9d,0.34202485231207985
ck_9fd0be2c018ff5e4,0.30413526176410677
ck_32a495128395fde5,0.07720513342839683
ck_b6f2a2fd232c141b,0.6088816459564066
ck_28dde633692904b0,0.9044611937258097
ck_a1a93c5f375f6021,0.24383784884905277
ck_e3982142336782df,0.44000814829904256
ck_a9812ff3c111ea94,0.751069464249338
ck_f04062216f95fa00,0.5117131798737014
ck_7c560467daca735f,0.009370543898961092
ck_76ee10d6e2dba70f,0.8028111631696884
ck_3521243bdac61178,0.5699735180281116
ck_28588fb03b320520,0.6333265430841312
ck_580dcec33ec232b8,0.4017111427989407
ck_7109923fd7dab20a,0.5326950499083316
ck_7c872c99481c1e9e,0.3691179466286413
ck_46f4e1f5026f4d1b,0.00040741495212874313
ck_00d1ebc31ec4653c,0.581177429211652
ck_aac70764dde15168,0.7848849052760236
ck_648c03f9aa4e45f1,0.8565899368506824
ck_5478eb69ef912785,0.8639234059889997
ck_79b8523137bb2603,0.7127724587492361
ck_795c49f312640019,0.07251986147891627
ck_89184bf7b7fe41cd,0.9085353432470972
ck_97d4bd922996fa10,0.05398248115705846
ck_1cef30d08f3a598d,0.06498268486453453
ck_2f9fd36a4a40a6a8,0.2913016907720513
ck_40780fc0f8d6f309,0.7476064371562436
ck_9083ca9fec2a7f4c,0.5031574658789978
ck_62081bc35aa59931,0.3770625381951518
ck_2e1b46c5fc56b863,0.8498675901405581
ck_3d139692c51b604a,0.834996944387859
ck_b5e54e22e3d6960a,0.2915053982481157
ck_c0c4be3f44311b04,0.18741087797922185
ck_82a8bdd2692c2a5e,0.0580566306783459
ck_bdd2da300b530c5a,0.21755958443674883
ck_ee40498cd97183d3,0.23874516194744347
ck_70b9274473bd6dfe,0.04542676716235486
ck_473d6314ea614b29,0.3043389692401711
ck_7443d6dca8cd1352,0.385414544713791
ck_3b49768b448b071e,0.41861886331228354
ck_b43f04431c267dea,0.07455693623955999
ck_4424a5223ba2fe00,0.32287634956202893
ck_819bf3e8231f4081,0.7266245671216134
ck_91d417507a8c58cb,0.8902016704013037
ck_e88e86b19cada4aa,0.5548991647993481
ck_59684167f9c6bf4c,0.7975147687920147
ck_d5f5b0dc97b9dc27,0.35322876349562027
ck_13d1b192bbff8f32,0.4106742717457731
ck_b21d8630387cabce,0.20717050315746588
ck_e4ac22046699b99f,0.4334895090649827
ck_74b848064f2ff45d,0.10490935017315135
ck_166aa980cc87fa77,0.48665716031778367
ck_98e337806104dd88,0.3025056019555918
ck_66eb09be007f0755,0.8095335098798125
ck_3ec9b9d8dd7be11c,0.46363821552250967
ck_8b8b9de339d75d0b,0.5392136891423915
ck_6715139e240007d9,0.2255041760032593
ck_a0255ab46e122d2f,0.05561214096557344
ck_66e81a4190c33510,0.37278468119779995
ck_5d75ea4f5c9080bc,0.9543695253615808
ck_df69858b8a8b3165,0.7596251782440415
ck_e15252ebd7553422,0.06131595029537584
ck_34d6d74bb3ed11e5,0.18394785088612753
ck_c2608f78f6851d10,0.911183540435934
ck_bb99071e8f58c8a4,0.9486657160317784
ck_06010f0df5b7cef8,0.3664697494398044
ck_8c582eb0f6c0148c,0.66449378692198
ck_0034d010d28aea78,0.6706050112039111
ck_01c1f06692566ca1,0.408433489509065
ck_4807726e797fb893,0.5817885516398452
ck_edc9668282e3c8cb,0.6919942961906702
ck_5486768475af7bb5,0.9655734365451212
ck_3fb9813849e51837,0.48441637808107557
ck_861af5a9a9a6d619,0.2672642085964555
ck_da39653add0f1109,0.09329802403748218
ck_74a4244eb1f162e4,0.05337135872886535
ck_9a930faade55b8ea,0.027093094316561418
ck_fb6e06ca88519dcd,0.42310042778569973
ck_9776cd8263a9f415,0.2815237319209615
ck_b3dd1198ac5aea73,0.33978407007537176
ck_b6675a04df1a4276,0.193522102261153
ck_5c7ad6e731b69333,0.9348136076594011
ck_28dc0fdbaec00580,0.8429415359543695
ck_8e7a32f7e3905f4e,0.524139335913628
ck_8563fed6674afc77,0.5911590955388063
ck_9a2fcccb82da663e,0.607455693623956
ck_6a519bdac0d94527,0.2705235282134854
ck_a0dab7aa9c4a39a9,0.08148299042574862
ck_a3ce05e9e5e32142,0.43328580158891833
ck_7a7e40ee3f97c035,0.8380525565288246
ck_9e9a830785112a73,0.6879201466693827
ck_ab1bb02f6b189304,0.9739254430637604
ck_7b8cb0f90fbdc8c6,0.4410266856793644
ck_b138fc249e659e60,0.27602363006722347
ck_e73caa3771ec5e0f,0.051334283968221636
ck_18a55b06ccccd88b,0.6471786514565084
ck_fdcb1d9265d8fec1,0.7231615400285191
ck_e21a900556b382ad,0.40985944184151557
ck_c6bf67470f526771,0.29048686086779385
ck_b568ba3837afb39a,0.18007740884090445
ck_a2858979dd5645ef,0.12915053982481156
ck_1da9d40837ebaa57,0.6021592992462823
ck_9341c7959543c542,0.03218578121817071
ck_c8ad86806b9a2369,0.7469953147280505
ck_5c85d93ecfed4b0e,0.17355876960684458
ck_f07b09879d697b82,0.2299857404766755
ck_fe43da07608b1749,0.6276227337543288
ck_4bca22b5926b9c28,0.02485231207985333
ck_aba573aa942b1d41,0.10063149317579956
ck_57c14e32fa4683bf,0.005703809329802404
ck_891530b489ce402b,0.12568751273171724
ck_5e74fdadb93ff293,0.5555102872275413
ck_14436a409ebcc90f,0.5045834182114484
ck_00013fdfa0bd37dd,0.13220615196577715
ck_7dbe24ba01316775,0.6824200448156448
ck_0e3f80c1553c591b,0.6422896720309635
ck_3edc45db58760d76,0.482990425748625
ck_29076a13f539187a,0.8904053778773681
ck_b1e81b58b9a545ce,0.6687716439193319
ck_3f8571d4f7420b2a,0.8276634752495416
ck_7dff6abe4bd644dd,0.9291097983295987
ck_2884bab237af16b7,0.29272764310450194
ck_231e6dd1fe708000,0.3412100224078224
ck_33ecaa7b892e73df,0.222041148910165
ck_b109ec4c63503030,0.2784681197799959
ck_a7f522382509cef1,0.26909757588103483
ck_748b3ea941d8b3b9,0.2766347524954166
ck_29f3a1737a2d9634,0.671623548584233
ck_cee8d42475a0f020,0.024241189651660215
ck_c6b6ebe145a8ffab,0.21980036667345693
ck_21c99e1d6b881894,0.0486860867793848
ck_5ad798286384484e,0.3740069260541862
ck_b621b6ffcc7f4848,0.028926461601140763
ck_ea819e337233475c,0.930943165614178
ck_9e3896c2668ce06b,0.5310653900998167
ck_501dcf1ead036d2b,0.514768792014667
ck_8d5eda29a2cffa3c,0.48543491546139744
ck_4d3aa36ff83f1132,0.9146465675290283
ck_8e9faf94e3e6c757,0.07740884090446119
ck_ce0ec41f96951048,0.5292320228152373
ck_f09165d73ee903b1,0.302098187003463
ck_a432b1bf1d3b3d5e,0.8624974536565492
ck_ea618f720ff0b4b0,0.27806070482786716
ck_7584e7bd755cb28a,0.4846200855571399
ck_e14681aad43e1a72,0.7404766754939907
ck_5e18870d8e30e379,0.5984925646771236
ck_ff7c26a62bda8089,0.16439193318394785
ck_cc5a35175d381d5a,0.1053167651252801
ck_3c25029e40aa8a84,0.22876349562028928
ck_771247b5bc16c12a,0.23955999185170096
ck_664b5e02759f985a,0.1389284986759014
ck_692a9e8f504b9762,0.03992666530861683
ck_df8ad2deb0a4ffed,0.5726217152169485
ck_eb48c0bcd12ea654,0.724791199837034
ck_7c77e597c951cdad,0.21226319005907518
ck_4f75144c6f3b13ad,0.28885720105927887
ck_1bcff399166d7c43,0.4548787940517417
ck_975c2aa3d4a8c51a,0.243430433896924
ck_bc6f07b06aaa4ce3,0.9645548991647993
ck_80b072b7f3c7e8e5,0.3860256671419841
ck_471e4018a23b4e56,0.34263597474027296
ck_53cddfba570b4a3b,0.67101242615604
ck_630530e50764f229,0.19942961906701975
ck_dcef7887a4f1e435,0.40435933998777757
ck_2795921a055643f6,0.6127520880016296
ck_7456df89f3792235,0.040945202688938684
ck_5014a3b07e1f049f,0.9612955795477695
ck_d4ec44760cbe03f4,0.46974943980444084
ck_96810ad39d4cb7b0,0.6759014055815848
ck_3222ea25aa29bfa6,0.12976166225300467
ck_f6c42001b84a10cb,0.8606640863719699
ck_5ac86682385c86b8,0.364025259727032
ck_4280c33af57eb4f4,0.2399674068038297
ck_05f79ddd8eefaa56,0.590955388062742
ck_3a57a13ce032a6fe,0.07679771847626808
ck_a721f0d635fad68a,0.1605214911387248
ck_a3f821bdf408c326,0.2336524750458342
ck_0ada63008be5685a,0.7567732735791404
ck_8c949bdc6e8720fa,0.8716642900794459
ck_c0d2c56f9c722e99,0.9782033000611122
ck_5d2b9e6e087b8dfc,0.9979629252393563
ck_5217b55593a332ca,0.8653493583214504
ck_7a7bb9be5a7e48ad,0.4302301894479527
ck_24cd0d779e866287,0.07211244652678753
ck_7367917891a63771,0.6270116113261357
ck_4b31a8862a857e6e,0.9236096964758607
ck_81429c4910ca46cd,0.2778569973518028
ck_b35d803568f82d9a,0.5938072927276431
ck_4b00e75c2d2d0522,0.06050112039111835
ck_77fced07f6dff42b,0.8058667753106539
ck_3c9a06eb07c300e4,0.007740884090446119
ck_b3867f7f494db64c,0.4202485231207985
ck_0c45e54897ab34e2,0.5337135872886535
ck_507a6a580ab55c76,0.5477694031370951
ck_291bffc7809f896a,0.7306987166429008
ck_3753cc5b9d02e2fd,0.08474231004277857
ck_4f63d5245b3ac1dd,0.48380525565288246
ck_9dfb2ae78659240a,0.8191077612548381
ck_90f6f5ced708aa75,0.045834182114483604
ck_8b5b5a6b5539e39b,0.9847219392951722
ck_4719112b55d20161,0.33367284579344064
ck_fec888a7108ca52d,0.9942961906701976
ck_4f5d022c99f118b7,0.8659604807496435
ck_e967ff05514b697b,0.7235689549806478
ck_839ce35819bfa4fc,0.15644734161743737
ck_bdee1221b9addff8,0.2650234263597474
ck_9cde4036d0914427,0.5178244041556325
ck_5ac959cbcc5e98f3,0.07863108576084742
ck_619842688294dabc,0.40211855775106947
ck_7373d7b04c7799bd,0.5306579751476879
ck_c1dd3feb9a0b6471,0.4534528417192911
ck_0324a4812ec319c6,0.35506213078019966
ck_7f3685aa2933b251,0.7987370136484009
ck_06aee5a62a67a84c,0.7767366062334488
ck_3428910b44b9d08f,0.5970666123446731
ck_c3ba7534cefc1de8,0.5135465471582807
ck_1f1273a67cbad5e5,0.9360358525157874
ck_124565a11b2f8bb8,0.5192503564880832
ck_38e46bc861e0165b,0.46037889590547976
ck_c8ad3f01319c065e,0.8325524546750865
ck_3f94a34f5038f7c1,0.9323691179466287
ck_cee56be5a502fbd1,0.8967203096353636
ck_2b90b76cf4d162f9,0.5053982481157059
ck_884b2e463ff1d54f,0.1627622733754329
ck_fab4f2f8531b4827,0.35261764106742716
ck_4fc6256e0e60a926,0.47423100427785697
ck_0a2f8b2f8a5b6f02,0.8400896312894683
ck_9c0deab8a8367c5e,0.005296394377673661
ck_d3a2a4c011fa2554,0.25341210022407823
ck_4108b4038f762817,0.587696068445712
ck_4df036e2aa7e1056,0.3416174373599511
ck_ec094eb1cbb3efc5,0.10511305764921573
ck_09f8f51bfd2492c6,0.5408433489509065
ck_b60fb9a10d6f4489,0.7347728661641882
ck_3638bc3388dbc1bc,0.8965166021592993
ck_7a58e0cc9943c39a,0.20126298635159912
ck_37dab6a0a536ed49,0.8464045630474638
ck_adc576690df5b33b,0.26543084131187616
ck_1383b2b1875000f2,0.6365858627011611
ck_43c1248db37a2eb0,0.45732328376451414
ck_29c11bd68858e923,0.02057445508250153
ck_9401f9e11f65337d,0.7907924220818904
ck_ce5ed372b1a2ed6b,0.7309024241189651
ck_08b4619490e751a8,0.9439804440822979
ck_44b9125526acb05d,0.6981055204726013
ck_ef1a1de20d2124cb,0.7655326950499083
ck_e5e2624b7fc89774,0.580566306783459
ck_f5100511609b92c0,0.018944795273986556
ck_64f3bb17101b7c42,0.11346506416785496
ck_ea1e5b5128ecba2c,0.037278468119779994
ck_516163fcf04d5e77,0.24689346099001833
ck_7f9a748110d70005,0.44734161743735995
ck_d263b55f0a681cce,0.7571806885312691
ck_0e962eacf98a813e,0.15298431452434305
ck_0406931800e0e2e6,0.14239152576899572
ck_0e9b982afc88a3a9,0.9839071093909146
ck_8bbb625384edebd7,0.01833367284579344
ck_5eaeb87bf6207406,0.989610918720717
ck_cc3318839c4b0745,0.38582195966591976
ck_08a0355d1f1890ef,0.1246689753513954
ck_af7ffd1a822460d3,0.893053575066205
ck_2a09c7aa870edb6b,0.16316968832756162
ck_bc04f51c23290bcc,0.5119168873497657
ck_d3a8333cb389f4c6,0.4283968221633734
ck_88e3dd3039508332,0.6805866775310654
ck_b8c7771de9b57705,0.3780810755754736
ck_585ababa02383b50,0.3395803625993074
ck_e988c108754cee9c,0.5009166836422897
ck_4a691892d9d6cf89,0.22143002648197188
ck_7cdce37d895eefb8,0.36952536158077004
ck_483fb981a1fb4317,0.07027907924220819
ck_c1e5182bd99e0e35,0.9293135058056631
ck_9a1e3ec9a1839939,0.520268893868405
ck_5c3f13de0dbd5086,0.26298635159910366
ck_f4f6f0caaab70040,0.29822774495823995
ck_791be3378dd7d64c,0.2758199225911591
ck_956dd784525f5886,0.5783255245467509
ck_098167eaf124c279,0.5092686901609289
ck_33ecff7914349ebc,0.5885108983499694
ck_e05d44e46c7174e6,0.6620492972092076
ck_1b2ce474fa6582b4,0.8985536769199429
ck_ab581082e8f72e3d,0.29761662253004684
ck_e63256667aa19070,0.3947850886127521
ck_f568772b6cb3febe,0.7107353839885924
ck_dd89a282375bbab6,0.8877571806885313
ck_a39d0bca345b492d,0.140354451008352
ck_d12d2924d0f7a64a,0.46465675290283154
ck_6a548da1728b5823,0.9696475860664087
ck_6d64193681d2a94f,0.8337746995314728
ck_ced6b6dcdc7c201a,0.15033611733550623
ck_d1b0699d26282871,0.49174984721939297
ck_58f757e40a9b8877,0.5832145039722958
ck_3272c2c4a37d5220,0.9559991851700957
ck_d94dfde9e03c9d1a,0.6398451823181911
ck_08a6d4903a7fbaca,0.6708087186799756
ck_6c72a36b05fa0f4c,0.6569566103075983
ck_dbb4bd4eda97255d,0.5025463434508046
ck_94b59bbc824b307a,0.4145447137909961
ck_0229a07185f15469,0.557547361988185
ck_11bf1039f8b3025b,0.4082297820330006
ck_36789ca11459131e,0.7600325931961703
ck_8572c5f5c1447c62,0.6188633122835608
ck_9e75c6641939f4fc,0.8749236096964759
ck_b45e47c39d4dc7bf,0.7677734772866164
ck_02903c48b6cfd65d,0.2635974740272968
ck_b153386f1729de81,0.25524546750865756
ck_36979996f33498f7,0.9474434711753922
ck_3c02d4dbbf6716b6,0.18598492564677124
ck_66c9a19963957531,0.5567325320839275
ck_bae8dae7cfd8baba,0.0026481971888368304
ck_bba0ccc6cd968680,0.7023833774699532
ck_3267fe3aac05c71e,0.011203911183540437
ck_40052cac10562cde,0.5852515787329395
ck_d973444855403e2a,0.6319005907516806
ck_012519bb095ad36b,0.9977592177632919
ck_ad7c256ea10c4a00,0.8765532695049908
ck_70a60e095e9b706f,0.0788347932369118
ck_f2734417c0db4ee3,0.2601344469342025
ck_9cb89cc3178e0172,0.17641067427174578
ck_779cc0f2de4d5488,0.8863312283560807
ck_35f8656bf93e3b3d,0.5123243023018945
ck_bdd8eba728800e29,0.5732328376451415
ck_002cf760d173f0f8,0.10470564269708699
ck_b046067c6ca3831e,0.17294764717865146
ck_a4a42d4bff8af645,0.13648400896312896
ck_bce253d2396681a1,0.2980240374821756
ck_00dafc060c8de32a,0.4218781829293135
ck_968a99e097ee78c9,0.8235893257282543
ck_66949171b387bb93,0.6011407618659604
ck_ad305286702b1958,0.060297412915053986
ck_4732da7e0d2dfc7c,0.37074760643715626
ck_17a95bba77217d85,0.6219189244245263
ck_3e2516a3e35067e0,0.2941535954369525
ck_0b615ed566da1f58,0.5944184151558363
ck_d2b3ce1ebabe9f93,0.5748624974536566
ck_a892252e4e0c2828,0.435322876349562
ck_cf606fd6ebfdf9bc,0.7317172540232226
ck_718865237134ebe8,0.09716846608270524
ck_878522cb775b904c,0.7321246689753514
ck_9ed53de6ef779ae0,0.030352413933591362
ck_3f16e2cd7e6874cc,0.6989203503768588
ck_3c59df37895ead2d,0.376655123243023
ck_6821459b626d492c,0.3094316561417804
ck_11c7667920541587,0.27419026278264413
ck_23a016cf6b98d89c,0.777958851089835
ck_7137eeb394d200f1,0.8299042574862497
ck_9c4886c5c90ddbdc,0.12140965573436545
ck_1422a7bf7756294d,0.9724994907313098
ck_7ebc5fa7f0d3b8f2,0.4257486249745366
ck_fcc2059a8d5c41fa,0.8547565695661031
ck_00ff7389d6a83e29,0.8792014666938277
ck_03129b41457795d2,0.34976573640252595
ck_38ba64efa7c38250,0.7594214707679772
ck_57a6b56b09bff24e,0.30067223467101245
ck_e3b3c5a80a567418,0.10429822774495824
ck_fc40a16adfced018,0.253819515176207
ck_9d4b5e6b43bad4d8,0.40639641474842125
ck_61129937ee466b49,0.6799755551028722
ck_74112e47b8629c2a,0.88816459564066
ck_b4703ee97f94d7fb,0.09655734365451211
ck_e560f720a988d8a2,0.9274801385210837
ck_708fea345f68037e,0.5467508657567732
ck_25394c1b83e0b803,0.399674068038297
ck_17ab24fe914ae44b,0.044408229782033
ck_16c501470d9bb006,0.6345487879405174
ck_628f449e248c19b7,0.8180892238745162
ck_6d64190623dea714,0.1784477490323895
ck_504a45ee08db72b6,0.33693216541047055
ck_6cbb011e0c70bc7c,0.14381747810144632
ck_b3225a98acd04f83,0.20737421063353026
ck_aa37993f1c17cd1e,0.6443267467916073
ck_558cfe5f77a55a9d,0.34772866164188226
ck_0d0a1a021efea5b6,0.2743939702587085
ck_daf7aea023b7a8f6,0.5324913424322673
ck_d75f25184ece2b51,0.36565491953554696
ck_466d4b5366c50b98,0.08759421470767977
ck_88f27ab479063852,0.544917498472194
ck_66779098e78c1760,0.15379914442860054
ck_b150fe4efb449b05,0.1517620696679568
ck_9c3aa9f23d01fa1c,0.25035648808311267
ck_6a01c375fc26705a,0.06742717457730699
ck_002eb6552b504ea1,0.4872682827459768
ck_affa5aa0bff9bb0c,0.6561417804033408
ck_027614eeba8b1a4b,0.17742921165206763
ck_67e075c982add719,0.11183540435933999
ck_399b0d510be98bd2,0.2666530861682624
ck_e9b0bca7368555ef,0.04664901201874109
ck_59c29d9c57b4f994,0.6773273579140354
ck_37176850ed68831e,0.2678753310246486
ck_a0db4ccca08030c3,0.9454063964147484
ck_aa188e5c25f7f42a,0.6661234467304951
ck_7de6997178207800,0.3882664493786922
ck_c729d19053387be9,0.7449582399674068
ck_f2d3e3d90608596d,0.9280912609492769
ck_2db3fb565e0211ee,0.33632104298227744
ck_bed8a480e27e911e,0.3573029130169077
ck_d7ad9921a4d25926,0.5161947443471175
ck_2a59f23fc5194699,0.7804033408026074
ck_63601a58a6120d8a,0.3530250560195559
ck_efd7b9e22c6317d6,0.730291301690772
ck_9ab42875a0f95b43,0.6869016092890609
ck_85cb5033fca7c846,0.44306376044000817
ck_5249b223000915ec,0.37991444286005294
ck_3efb0e9bf25612c7,0.18272560602974128
ck_678e74532ac19700,0.6023630067223467
ck_a980b296c95153f9,0.38908127928294967
ck_01ac687ce0d696a7,0.6039926665308617
ck_52e1418cf1aa9871,0.5424730087594215
ck_7d28da4f1dab09ee,0.9311468730902425
ck_010d0c2e6c1657fd,0.829496842534121
ck_b524f7a2e752b9d0,0.29619067019759626
ck_cc447fcc24a0772b,0.9022204114891017
ck_2cb3c99845e572da,0.05235282134854349
ck_604c710141327a81,0.17946628641271134
ck_8d5fa65717d2e0c6,0.18476268079038502
ck_31199510b40602a1,0.325117131798737
ck_49e253ea12f4e922,0.7577918109594622
ck_780738e0d71e7e43,0.2442452638011815
ck_2cd21137a07fdd7d,0.11896516602159299
ck_5e021f2a3b66e256,0.673253208392748
ck_efbc79246e32c66a,0.8942758199225912
ck_9951bd806c13c7fd,0.4461193725809737
ck_7a52674e2806d8f5,0.7040130372784681
ck_1a319e509f1efa1a,0.04420452230596863
ck_c920901b9a4ba993,0.9757588103483398
ck_b71279e807d0b3a7,0.33489509064982687
ck_47e1032f490bb018,0.17966999388877572
ck_192579ecdca7ff83,0.5524546750865756
ck_b1496c474c4a3239,0.2866164188225708
ck_5e68ea2c5e893cf0,0.6109187207170503
ck_f2ecab85d4693b4e,0.674882868201263
ck_89d7bfc81c3df597,0.5316765125280097
ck_7929284327667791,0.9020167040130372
ck_494ec63c5ce8e150,0.7832552454675087
ck_319b059bb2145586,0.41210022407822366
ck_ccb3767c239018c1,0.07374210633530251
ck_a1c7adfe26e09a8c,0.6213078019963333
ck_0e13c4f73818149b,0.4381747810144632
ck_c285a51ed6214f52,0.560806681605215
ck_916784595f028226,0.8830719087390507
ck_6cd8e0196365c474,0.5601955591770218
ck_57b657aba4daffde,0.9030352413933591
ck_562c76a3753fc7da,0.9244245263801182
ck_66cfc1ebc9a513c8,0.14076186596048074
ck_0f38d4aed68d7d24,0.918313302098187
ck_d8ddf5e99f7859e4,0.6500305561214097
ck_41bc3efa0fca700e,0.8545528620900387
ck_40799e129fcf42c5,0.7934406192707273
ck_786f079389126e44,0.8132002444489713
ck_bb4c6b713eb0b978,0.7936443267467916
ck_4f01f7eac0efaba5,0.3232837645141577
ck_47d29c01b20cf69f,0.3422285597881442
ck_bf15a1f8d67a30d3,0.5618252189855367
ck_bfecad7586f65e4d,0.5622326339376655
ck_fc9f16df35190eb4,0.896924017111428
ck_c09c914e416edd08,0.6198818496638827
ck_c54c5d8e4433b0f2,0.08372377266245672
ck_1694c28f44480e98,0.24322672642085966
ck_1dcaa3078dbb7571,0.007537176614381748
ck_af559f990c640e41,0.571806885312691
ck_9b436162039a77d0,0.7806070482786718
ck_79d62ef181bd0cd8,0.31737624770829087
ck_23caafc2cd34242c,0.29944998981462617
ck_ffe2aa26f597e552,0.577306987166429
ck_e6ffd0754ac08661,0.0038704420452230597
ck_beaacb4a783db21f,0.09350173151354654
ck_9863bff41d24ce9b,0.2727643104501935
ck_323b9cc5c49f8ea0,0.8885720105927888
ck_ab3de3d3e41c2082,0.1804848237930332
ck_35c93b2924900376,0.5172132817274394
ck_5a9d5f9901e37e31,0.6997351802811164
ck_782b0be796164335,0.29496842534121004
ck_11960b5f1c7a5e2c,0.33183947850886125
ck_9a66cb13a9884cc2,0.19148502750050928
ck_ba666a425930615a,0.12731717254023223
ck_40140bef4db73741,0.19739254430637604
ck_e05e91cc180063d4,0.8908127928294969
ck_c7f6f45710bc050f,0.2240782236708087
ck_055fb9f2e1c8c934,0.8329598696272154
ck_58bb02d98e2b9cd5,0.3998777755143614
ck_d9f8efa6a7800f76,0.2120594825830108
ck_69691226c68fd50b,0.8918313302098188
ck_6f2f0396e5b1c538,0.9940924831941332
ck_78bc3f1d0f35ea6c,0.63047463841923
ck_2d5a6b6636a2596b,0.10592788755347321
ck_7878545739af0a73,0.08250152780607048
ck_03c4fa4f3ed3512e,0.348136076594011
ck_1a9e51d092d62c84,0.9549806477897739
ck_9f3861940d8d873c,0.8462008555713995
ck_4684fdd61c6a0fac,0.6612344673049501
ck_715966f86d5c913d,0.4212670605011204
ck_77f293d44b4a3d2e,0.7064575269912405
ck_24dae044dc05f849,0.5968629048686087
ck_00b9818e2064405e,0.7535139539621104
ck_c1c2cb49c3c1b0f5,0.8417192910979833
ck_bed50fc64fbbf8ec,0.3646363821552251
ck_4f6ed5ea5ab7c429,0.26685679364432674
ck_458531c22ec2f9b3,0.19535546954573232
ck_51c50c4c443df31a,0.9394988796088817
ck_732d45bd578dc39d,0.452841719291098
ck_783fe5bc20cd02db,0.7355876960684458
ck_7f188aaa63d1d442,0.2143002648197189
ck_ef307a6aee38d1fe,0.9407211244652679
ck_e37196b20968b73c,0.6877164391933184
ck_4ef9de711c3d93b1,0.7443471175392137
ck_17946516d5df71d7,0.283968221633734
ck_3534be0f4efd313c,0.7015685475656956
ck_29fbabf855cabdff,0.2550417600325932
ck_191673540d8486af,0.604196374006926
ck_5f52728d777ff2c5,0.22896720309635363
ck_a045a19369016818,0.9987777551436138
ck_4eadbe7298b15e96,0.6280301487064576
ck_a3a0bd59729fe619,0.4996944387859034
ck_a1e77090b1c6ccf4,0.29598696272153185
ck_69ab9d4784eb77bd,0.7082908942758199
ck_baa47383ffd50f04,0.5842330413526177
ck_e35b2ed08b9e55a7,0.29843145243430436
ck_b6e3af0a5119d9a0,0.6412711346506417
ck_a7c1dabf3869772f,0.8486453452841719
ck_80b8fca67a14e0be,0.912813200244449
ck_dd9c5f0c42878e67,0.27969036463638214
ck_41ef7967faf5ce82,0.049297209207577915
ck_a93560aa348d6225,0.4929720920757792
ck_ffe91d6f0bd93fc6,0.7522917091057242
ck_fbf630c960194033,0.3984518231819108
ck_497ed60723283c0b,0.6168262375229171
ck_2a46b7ca55239413,0.49439804440822976
ck_1a4e5ace078dd782,0.6936239559991851
ck_616cc31910f5de50,0.30495009166836423
ck_0d65bc749eb42710,0.3825626400488898
ck_2408db62e4395ccd,0.28050519454063966
ck_5d7721930106dce8,0.37013648400896315
ck_e8a6acea22b20312,0.8971277245874923
ck_e2f792fae128b18e,0.8732939498879609
ck_e6d3ce445b86003f,0.054186188633122835
ck_263334d722ecbc97,0.9729069056834386
ck_8c5b29f6666d4874,0.8451823181910776
ck_7ea0bf310fc20c7b,0.9388877571806885
ck_54d463f7fd89ec3d,0.6844571195762884
ck_79e45040dbdd6447,0.7759217763291912
ck_60b4d59953505682,0.9672030963536362
ck_fb00dd5021642507,0.5479731106131595
ck_f409ff994a210601,0.8415155836219189
ck_2ca0020038bfec58,0.9415359543695253
ck_adf84b9df54c3d80,0.8117742921165206
ck_942dbf632591b65d,0.501120391118354
ck_454a7e4d859a3409,0.3008759421470768
ck_2139062d4569aa07,0.22041148910165004
ck_e949a0f4df0b3902,0.9431656141780403
ck_bb113e3e6716ed65,0.266449378692198
ck_6a28ea6ce69cb869,0.6856793644326746
ck_7df9910af2bba21b,0.42513750254634347
ck_78aa4b731cbfe251,0.4728050519454064
ck_5839f5cbd8165b1e,0.7612548380525566
ck_7158ad9e58769ffa,0.8482379303320432
ck_acee218cbe61df69,0.6543084131187614
ck_f8dc8473c2772729,0.8704420452230597
ck_f34c93a8173555b1,0.6930128335709921
ck_7cf301d075e4e709,0.7207170503157466
ck_b87e88ee5512ea17,0.04950091668364229
ck_bed0c020b10afa3b,0.31839478508861274
ck_ca10102961f99eb4,0.2729680179262579
ck_393287947b5c8d79,0.19881849663882664
ck_2fe6cac002142f67,0.5404359339987778
ck_79c7f0d29b1db1cd,0.5638622937461805
ck_c735b643d3cbf67b,0.3566917905887146
ck_ea4332c8fe48e2a3,0.22815237319209614
ck_d39864119cdd460f,0.18578121817070686
ck_3b963d6be2773861,0.20452230596862905
ck_df39e3b8a9fd0bfd,0.9541658178855164
ck_6236a461dc0d11a3,0.12955795477694032
ck_475ebccca25e30d1,0.4112853941739662
ck_c10c8bcf5bcd516e,0.6860867793848034
ck_49ccc3716a564256,0.12018741087797923
ck_4e4f99102f6938cf,0.5233245060093705
ck_a97b481ade6f7972,0.6976981055204726
ck_3fa559c679751b3a,0.7241800774088409
ck_3eba1fd2c7acc4c0,0.900794459156651
ck_18c179b4afc4fccc,0.05601955591770218
ck_cc1c0b93d05b7d20,0.7840700753717661
ck_742f7c28ddd019e8,0.5288246078631086
ck_04470bc93b8a0d71,0.2436341413729884
ck_6e8f8ef7a03cc6bf,0.4577306987166429
ck_eb1ddfc353b4da83,0.07333469138317376
ck_98831b57c7ca2e4f,0.03931554288042371
ck_a6c7b8d6e8596d4f,0.8981462619678142
ck_cd7d24e3b095e96e,0.6400488897942554
ck_3f5ae4673a9f858e,0.36993277653289874
ck_05f375fc8ae0afb0,0.38745161947443474
ck_1fc98436281ee39e,0.3098390710939091
ck_6c48c58678f64bae,0.02750050926869016
ck_8c95aeec6a4c75b0,0.18292931350580566
ck_364cde38958b7af3,0.8543491546139743
ck_85bf21aa1a00452f,0.13729883886738645
ck_796d3eaabc667c23,0.984110816866979
ck_ac449ee0c315edde,0.0472601344469342
ck_6f9fd15ac6b163de,0.04237115502138929
ck_4087065be2a45ad7,0.8140150743532287
ck_ecf006bbc78ee3eb,0.9089427581992259
ck_8ca808cc5a49cb5c,0.39804440822978204
ck_94b90ab8b2dfb50f,0.781218170706865
ck_59fd11b3232de9dc,0.9614992870238338
ck_67f3794d93e2dd67,0.9346099001833368
ck_b7f5acf5df1bb13e,0.6025667141984111
ck_fb04ecbaebb774bd,0.29476471786514563
ck_68ef3e7301c621b7,0.689142391525769
ck_41406cfa209b6bda,0.28376451415766957
ck_b0f8f5408662337b,0.21694846200855572
ck_0d2901bfe585c391,0.85414544713791
ck_3398551e81dbf3db,0.863515991036871
ck_61c3e3e277629646,0.27031982073742106
ck_2825e34dd3e7ea2a,0.0873905072316154
ck_20d7571ba830009d,0.5005092686901609
ck_c98b16f9a72a6568,0.03361173355062131
ck_e7c8a9e4641eb9ed,0.09411285394173967
ck_254a7c97c36dab8d,0.5168058667753107
ck_e98429675b46272b,0.39193318394785087
ck_c2fc0ac460786d02,0.7830515379914443
ck_fba15647b3a140d9,0.40150743532287636
ck_15ce50f2704227be,0.2843756365858627
ck_8c748aaa4a4554f9,0.5557139947036056
ck_e00e82a9419ff086,0.5927887553473212
ck_832341c98254bd84,0.8838867386433082
ck_27466468d06db4eb,0.694031370951314
ck_9d7b9e3ff1f3e71e,0.28600529639437766
ck_42c6973d3a6fe983,0.11794662864127113
ck_877c85bad118bc62,0.7496435119168874
ck_75d2a2715259c4d7,0.6642900794459157
ck_37d3e5c681a2214d,0.8433489509064983
ck_bf285dd49f372de4,0.29883886738643306
ck_a5bdd026fa9c50fd,0.6481971888368303
ck_88d9244a9cf7a77e,0.9527398655530658
ck_5881b174e49b04ee,0.08637196985129354
ck_5b16d67c5ea89930,0.5962517824404155
ck_b75b936aafac56b9,0.4756569566103076
ck_aed2681e1646a0df,0.7700142595233245
ck_f63cb5e8cc702bad,0.7160317783662661
ck_1805fcfc4a9e4ffa,0.939702587084946
ck_25c355da356c730d,0.26237522917091055
ck_70396398e4a96449,0.059075168058667755
ck_0f743bd13373748e,0.8335709920554084
ck_4b387765f0e916cd,0.016907720513342838
ck_e971faae8a10a260,0.16826237522917092
ck_9eb08369e983abfa,0.07190873905072316
ck_c30c5844512e429f,0.7891627622733755
ck_59e77e3a81f1fa0d,0.5255652882460786
ck_ca4465f2b5c1a52e,0.9932776532898757
ck_c89b9ca398402f1e,0.4850275005092687
ck_36e72ef9273e7a95,0.36708087186799754
ck_2bdd8616870e5e1c,0.2544306376044001
ck_216e87a41de22b5d,0.7447545324913424
ck_60f4fb44f5efe3a0,0.0680382970055001
ck_05652e8ace6ce6cb,0.04318598492564677
ck_8c136dc691e65695,0.11265023426359748
ck_a08f8dfadbdca112,0.12222448563862294
ck_bda4041a3e90d860,0.44571195762884497
ck_15dd3ecaa8ce0245,0.9712772458749236
ck_3e3c64b3b7876ce6,0.726420859645549
ck_46225858a38b2e57,0.5518435526583826
ck_0cb9f54928f4feee,0.641474842126706
ck_152671fbf8a9a78e,0.8991647993481361
ck_ee7a515e87d17d4e,0.3603585251578733
ck_f7276091bf513d22,0.001833367284579344
ck_4f05daf1cf0d5755,0.05031574658789978
ck_83a69c4a5d55ef19,0.8688123854145448
ck_c50fed2a7c9198c0,0.3917294764717865
ck_70d19d5650ddc8f5,0.7856997351802811
ck_4b4d99e443618904,0.6064371562436341
ck_dca0b6ca93311ca2,0.6559380729272765
ck_b7431d4706461ec6,0.49399062945610106
ck_7b59d22cadef3b05,0.8154410266856794
ck_53428573abcd606f,0.4593603585251579
ck_f538ab6aecf2adfd,0.07496435119168873
ck_d321249fb065d2fa,0.7598288857201059
ck_72fdfc7e6d8e1436,0.03137095131391322
ck_b52b99dad89ecdfb,0.5037685883071908
ck_d2d4282f9d256b3e,0.24750458341821144
ck_c8f2a1dd8a6141a4,0.03707476064371563
ck_8d38747058d0aeea,0.9676105113057649
ck_3ac528caac74f563,0.4510083520065186
ck_8dbaaa00ad829ca9,0.3725809737217356
ck_7c38ec898f0fc21d,0.33245060093705436
ck_8171ef803f5ff604,0.6090853534324709
ck_01a750db6fc1168a,0.7296801792625789
ck_ceb017baa26e98c8,0.7824404155632512
ck_e2c66c72cc0b0f78,0.8895905479731107
ck_8d9518f64b222416,0.3591362803014871
ck_804c5a1fa5753617,0.23609696475860664
ck_fca7cc9c42695453,0.22448563862293747
ck_3a632cdf2c19051b,0.1381136687716439
ck_b2b63ea65edf1dde,0.6624567121613363
ck_27b07021500ee841,0.2607455693623956
ck_9724718fe64c6557,0.9906294561010389
ck_2786cbc3e75ec034,0.9156651049093502
ck_d9c2622cb6df380b,0.41087797922183744
ck_ae1da8ee98e402a4,0.3786921980036667
ck_62967b91504149f9,0.11550213892849867
ck_6b255bf68709109a,0.3057649215726217
ck_c55afc68421d85e2,0.5200651863923406
ck_7c7266f6ef2a8466,0.7429211652067631
ck_885cf685a9541190,0.9419433693216541
ck_1a4bb7d3d2ee3227,0.8582195966591974
ck_b4911c42f3bff740,0.07598288857201059
ck_66f9f78d4c6a3edb,0.7808107557547362
ck_49bdba9ee1899dfe,0.823996740680383
ck_79b235d51718435d,0.6298635159910368
ck_d840db8cfe2ef6f1,0.12263190059075169
ck_610c7bcc1cd7ecb0,0.47361988184966386
ck_cf49b6544aff6c50,0.9069056834385822
ck_de05f97c3d40dd1b,0.49826848645345284
ck_0302f67d75973dce,0.4941943369321654
ck_54c2604c9ca6256b,0.22367080871867998
ck_a1c88c0568f142d0,0.7966999388877571
ck_5d72ff6cc2963d1a,0.39132206151965776
ck_0446920a1004c596,0.8248115705846405
ck_71044c29ef071570,0.13078019963332654
ck_2122e9bb1afffef7,0.3255245467508658
ck_d1e3de178601d3c2,0.786718272560603
ck_bec8324a3587ef04,0.025463434508046445
ck_b616b6f45225f319,0.7952739865553066
ck_ce1e695884511479,0.13485434915461397
ck_a662b4bf900781e4,0.09900183336728458
ck_b5a84c5547378c10,0.11285394173966184
ck_f80af368cfc6cb7e,0.3271542065593807
ck_da3526ab6c5c884a,0.7029944998981462
ck_bd20be9a3392d79b,0.13444693420248524
ck_b8266dcd90cbfa62,0.1949480545936036
ck_ac84b33304362c06,0.5946221226319006
ck_794d8935a895e33f,0.5017315135465471
ck_8fea7d915259f1be,0.13587288653493584
ck_7a1519ad5ff45312,0.004074149521287432
ck_9bf3ce30b65f75c7,0.4312487268282746
ck_5f864d72d1eead99,0.8763495620289264
ck_3c48e0cfc2a58041,0.8952943573029131
ck_d902183f80cc81fa,0.7897738847015685
ck_539cb0d117db8cd3,0.8869423507842737
ck_28f530aec8e77130,0.36789570177225506
ck_e7d903c50d353361,0.7588103483397841
ck_d288b77d1e227970,0.31859849256467715
ck_017208fcc01b5d40,0.17681808922387451
ck_7e3923d278a5106e,0.6646974943980444
ck_9700a00ff9e66216,0.4161743735995111
ck_5c36c78b7a4d138c,0.8250152780607048
ck_c457e9c9224b773d,0.7649215726217152
ck_1dfa91405d7e66bc,0.08657567732735791
ck_f1d8a2695a575e56,0.55591770217967
ck_3b92a46daf8d00d2,0.3226726420859646
ck_aab23b5470469649,0.6488083112650235
ck_ecdd01a391610d99,0.3815441026685679
ck_abd3aa292f8edb4d,0.8260338154410267
ck_7fc9a0776e1339e3,0.10124261560399267
ck_c0389ebeb0e65cb8,0.412303931554288
ck_48d0fc4f6a2109fa,0.978610715013241
ck_571dee4f3336c7ce,0.3295986962721532
ck_4cedf26628c84f26,0.6327154206559381
ck_63356762d24aab81,0.7555510287227541
ck_2c5bc11bb7ae5d2c,0.9682216337339581
ck_6d26a152f900fee8,0.5624363414137299
ck_c972b0e781efed3b,0.10287227541250764
ck_fa0ecbcf9a33d6ce,0.13770625381951518
ck_fa3a766e49dc77ae,0.26257893664697496
ck_7baf1e55db0dc558,0.49317579955184354
ck_e8bc49e6494c1f37,0.23100427785699734
ck_8ef1d05cc1e53e7e,0.6634752495416582
ck_cef2a485a77e0723,0.25972703198207375
ck_228a583f23abff48,0.47382358932572827
ck_ac32c6e374782b27,0.8669790181299654
ck_b9485218cef413f0,0.14157669586473823
ck_7f15503048915d6f,0.029741291505398247
ck_b62f5144db15ad34,0.9087390507231615
ck_917d82c552f95a23,0.8050519454063965
ck_fb4797045077bc6d,0.11916887349765737
ck_2cf8a44e041217de,0.7989407211244652
ck_b7dd681eb3d2ee38,0.333876553269505
ck_e9e8cacd2fa35e79,0.5436952536158077
ck_342a79f91de5d1fa,0.6828274597677735
ck_2c91f62c05685ed7,0.09044611937258097
ck_e30cb64302939f38,0.6062334487675698
ck_d0e95b90ba86da10,0.1568547565695661
ck_1774faf414a5d49d,0.9747402729680179
ck_2401e8ff89e574fd,0.920554084334895
ck_0cd8802264e0a1ef,0.6257893664697495
ck_da84a0dfe947fd3c,0.6718272560602974
ck_c8affb27ba7fb5db,0.8409044611937259
ck_bc7ece8787ca7200,0.14728050519454064
ck_469a0578d05990c2,0.11142798940721124
ck_eef67f8dea702338,0.7339580362599307
ck_4f490e379e9ded9a,0.21409655734365451
ck_354379de065a8ff8,0.20880016296598086
ck_5db1cb368bc41ac3,0.7861071501324098
ck_9b1c3742dd6fcb8b,0.23589325728254226
ck_63ce4f44c92d7143,0.39641474842126706
ck_e15e3390f5ed45f3,0.4151558362191892
ck_da645ea91d66aa6f,0.9062945610103891
ck_834ca727df855f07,0.8604603788959054
ck_e1d5ad20c737c745,0.792218374414341
ck_ff8059ae5fa5f1ee,0.013648400896312895
ck_8bb9e75393954a1f,0.06416785496027705
ck_4e1757d1347ab387,0.9957221430026482
ck_af3f74b1d75a5d95,0.7903850071297617
ck_6b1ab0742ff04c3e,0.907924220818904
ck_f56073911c9f1ab7,0.2499490731309839
ck_51bd5f69b4fe0b92,0.9680179262578936
ck_fc3d95030b81f416,0.07924220818904054
ck_cf78169633a1600f,0.019352210226115298
ck_ad7269eaa65c67f9,0.5921776329191282
ck_cc6d33890d47a6cf,0.5465471582807089
ck_bc8f31f4a2ffa1ae,0.011000203707476064
ck_720776a46e56dfa8,0.3102464860460379
ck_e2d1f212f259539b,0.4110816866979018
ck_eaf6f7082c3db2bf,0.6785496027704216
ck_773efe58c6278c3c,0.7647178651456509
ck_c4a72c09f2fdacc4,0.42452638011815036
ck_8982888dd6611143,0.00794459156651049
ck_9d5049e195eda029,0.5080464453045427
ck_de58ef6f9fe2b546,0.4919535546954573
ck_c0b50c11e4f5adf7,0.7007537176614381
ck_ddaf228487858bb8,0.7696068445711958
ck_eb2323215ff70362,0.527398655530658
ck_168c96a1a636ea15,0.6854756569566103
ck_9c46711b14d9eebc,0.15278060704827867
ck_de8af660806b97b5,0.2114483601548177
ck_6ab83f45bf16eaa6,0.45691586881238544
ck_bf2228a052815840,0.177632919128132
ck_3f943f20a9da9bff,0.3014870645752699
ck_3baae40454c00938,0.45161947443471173
ck_bc2e771a1d8d2dee,0.8007740884090446
ck_e55f5ca37f30ce8c,0.5001018537380322
ck_4ad5937bef176d89,0.39417396618455897
ck_126531a9126c17c4,0.31391322061519655
ck_7ec423cb56257516,0.7461804848237931
ck_54748ae0f2daaf10,0.15583621918924426
ck_ff24776280ceeeed,0.3896924017111428
ck_3c3a1a1365741bba,0.14646567529028315
ck_615277c8a4e2b18b,0.14707679771847626
ck_a96aaef34173aee6,0.9401100020370747
ck_bea56db7f3e930e8,0.016500305561214096
ck_ca491debd3b32a59,0.49032389488694234
ck_d9ea77f4114a389c,0.17233652475045835
ck_322ffda3332d08a2,0.438582195966592
ck_c40ffefe4e30b001,0.7504583418211448
ck_3b1d7648d4580bef,0.1619474434711754
ck_23981a3261674131,0.22468934609900185
ck_11667f5b9fac7bc7,0.09981666327154207
ck_646bb3c7be5f0817,0.6736606233448768
ck_ebd0a45712dcf07a,0.8517009574251375
ck_baf43bf1bd963f9f,0.5667141984110817
ck_e0ca2c819658f6b6,0.9885923813403952
ck_f0d6633d0834fff5,0.7274393970258709
ck_91081be0254878a5,0.4827867182725606
ck_1325000bc7f35b5e,0.06620492972092076
ck_c624b9063400fa3a,0.8160521491138725
ck_0ad6fa0e23c3bd0a,0.8480342228559788
ck_6ddb55b1f23c6cb1,0.6632715420655938
ck_dce1fb3acd65562f,0.20900387044204521
ck_a9aa389688ee5aea,0.305357506620493
ck_5c5284c45d9ad8bf,0.7357914035445101
ck_9ce743dd3e92549c,0.5705846404563047
ck_8342e08cc2f9bcb7,0.23039315542880423
ck_25e551a0a8d2fcc2,0.5589733143206356
ck_d4fd0e438c97e0c7,0.8655530657975148
ck_ac7fe1c344190c50,0.4290079445915665
ck_ddd65711b5651f89,0.0179262578936647
ck_ec7406cb5cbc8f10,0.1218170706864942
ck_1c65e8d5be3b9c60,0.8622937461804848
ck_38ee42f15a573e81,0.8922387451619475
ck_0e5385c70c6de025,0.27317172540232226
ck_d3137f0f7629040b,0.5768995722143002
ck_9129c92c12e0c8b4,0.14565084538602566
ck_c86520a00e50a926,0.7168466082705235
ck_87f82b2b5fee757a,0.6406600122224486
ck_643abfbd7548d0c9,0.6585862701161133
ck_be51f4e5e6b85768,0.7634956202892647
ck_132c16312f37810f,0.3210429822774496
ck_c78c096ca8cb33ac,0.22957832552454674
ck_2ce5afbc014763b8,0.6750865756773273
ck_50ed8f4e7ae6710f,0.23976369932776534
ck_5a4eb535c9a11993,0.16561417804033407
ck_9b665ef46d785324,0.44408229782033
ck_e066f71f8b296b7a,0.2092075779181096
ck_560bc6017870ab06,0.27643104501935223
ck_fd78f8a8663646d7,0.1955591770217967
ck_4af5ec61ddbde1a4,0.6530861682623752
ck_c2ed04a9d218410b,0.4133224689346099
ck_2455d43bbdd2bb69,0.5381951517620697
ck_56eed7041add49a1,0.8983499694438786
ck_5f0be7b468a72333,0.3619881849663883
ck_19660cec756632ca,0.27093094316561417
ck_fb90408f4892a21f,0.7152169484620086
ck_833a65b86a5d9bda,0.03951925035648808
ck_2ac36e1dff211d38,0.8696272153188022
ck_c00e70606904539a,0.33530250560195557
ck_ba8affe4b9505a95,0.9657771440211855
ck_0c3dd22587b08018,0.6742717457730699
ck_618c4e5cfae99dcd,0.8785903442656345
ck_c9690baddfc4177e,0.14809533509879813
ck_59fae092fb0c4aa3,0.5223059686290487
ck_e03b7d0fa0b28f4b,0.088816459564066
ck_d451d24c780b5884,0.20350376858830718
ck_e980d325b8dbb8dd,0.11957628844978611
ck_cff18e2d8c520272,0.13302098187003464
ck_a0e46b67e986ab56,0.40578529232022814
ck_3a469039a5b9d963,0.30780199633326544
ck_12cbb211ebd2b437,0.7531065390099817
ck_b8cdd6d6dccc4554,0.214911387247912
ck_794ba5921cef50c9,0.7704216744754533
ck_2c7667f64edec2b5,0.1884294153595437
ck_7262b4e0c29c942d,0.3933591362803015
ck_5d818522cbfe2a54,0.5752699124057853
ck_de39c1947fb675ee,0.7482175595844367
ck_c021495606b4735e,0.4141372988388674
ck_1fc03ba33edd9e67,0.7129761662253005
ck_a6fe344bbf67f14b,0.5669179058871461
ck_963762210edc5694,0.754939906294561
ck_d064428b7e7dc409,0.3035241393359136
ck_59be61b53d971611,0.27744958239967404
ck_ec8738ec663cd2eb,0.7172540232226523
ck_59d086fab5998646,0.5787329394988796
ck_bd32dd3b2cbb7888,0.9936850682420045
ck_ce0166addb93bbad,0.10572418007740884
ck_7c0fdfbb447cdc04,0.7343654512120594
ck_cb1bd7635968ed8c,0.900183336728458
ck_66f94903177f20eb,0.4638419229985741
ck_1d7cd5dcbcdafd7b,0.9331839478508861
ck_5e418a7c04437b4a,0.6078631085760847
ck_631ea1ae91ab333e,0.6211040945202689
ck_0a8029e79a5ae7ce,0.7753106539009982
ck_c4cca8278bdad9b9,0.14789162762273375
ck_4dec3df58077a257,0.9105724180077409
ck_609c249edd88c565,0.45447137909961294
ck_02e5f9cbbbf2f078,0.6754939906294561
ck_32e486859130458f,0.9716846608270524
ck_21ed2ea6386c5a07,0.025667141984110818
ck_1242aa4496576a99,0.5271949480545935
ck_475ea9aa6d3898b7,0.47810144632308005
ck_fe1b1adae3be70a6,0.9511102057445509
ck_c5414d7a8031d4f5,0.1368914239152577
ck_ca1f6f01868e978f,0.7791810959462212
ck_5eff0208c74ec714,0.2917091057241801
ck_a315c9619a317609,0.6046037889590548
ck_2b87683c90acb852,0.3793033204318598
ck_7cd9f39c50748ed0,0.2063556732532084
ck_16a06d58d71935bc,0.8003666734569159
ck_d116e0e7c19b878e,0.9172947647178652
ck_931510e384b1d0cb,0.676512528009778
ck_e7651fb87bb24132,0.09553880627419026
ck_88ef9f85948e1a01,0.4980647789773885
ck_17bf38d51115a8f3,0.5133428396822164
ck_2659d1d3762a2825,0.3075982888572011
ck_a7285955e2852686,0.5051945406396414
ck_f2c33d5b65b321db,0.4660827052352821
ck_83e5979334345622,0.7260134446934202
ck_629537d8b4d0f395,0.565288246078631
ck_72022008a92c9386,0.5642697086983093
ck_2973b8274f0bf69b,0.7376247708290894
ck_565e3418d2f4061c,0.28702383377469953
ck_54bb53b8f8ea32ae,0.9865553065797514
ck_af0a6540ea7a36b2,0.3261356691790589
ck_888651bfc2c8cf70,0.1696883275616215
ck_1dedcb48ac381a1c,0.8600529639437767
ck_f73273e220296be8,0.7103279690364637
ck_8424bf65223a5a9e,0.4049704624159707
ck_337b930fd149a696,0.6274190262782644
ck_8a4952de8a123ef8,0.08433489509064983
ck_884168153c9c0c81,0.05846404563047464
ck_fdda581aec411010,0.1152984314524343
ck_2b7cadbc8b180d32,0.9282949684253412
ck_8aa8b9968233a1ab,0.23487471990222042
ck_0af18b3ce015d294,0.3866367895701772
ck_8dde670a735d1e90,0.832756162151151
ck_62f46226f244139f,0.6176410674271746
ck_f948e8a8fdd79b4e,0.4033408026074557
ck_fa00aa0f3e859904,0.6147891627622734
ck_fc7935f784a4f249,0.3147280505194541
ck_e7501307c0698e5b,0.5821959665919739
ck_549ed417f2834cee,0.7184762680790385
ck_fb2a35571ec719d4,0.9421470767977185
ck_25822068c86c856f,0.03768588307190874
ck_8f35d229b62c8f23,0.16989203503768588
ck_bdcf049c1e7d0c95,0.5779181095946221
ck_0aa9db36eb16422a,0.04685271949480546
ck_42dcf92e9e016922,0.6728457934406192
ck_42341cf31c08c981,0.43430433896924014
ck_0b20bfc515ba42a2,0.4699531472805052
ck_0ec820b670d48098,0.035037685883071906
ck_1f0bafec397da8e4,0.27480138521083725
ck_82f07504ab59ed33,0.7694031370951314
ck_337b24a474010abb,0.9930739458138114
ck_703703bda38fdcf8,0.6266041963740069
ck_01e7960c63dca3a4,0.9590547973110614
ck_be5bd81e3715cb8f,0.9798329598696273
ck_197f8058cea1fbea,0.024037482175595846
ck_eb3fb1106f2f1b21,0.7188836830311672
ck_658b4b54be09a4bc,0.9918517009574251
ck_266ce7ccf41ccc50,0.48991647993481363
ck_110608c3b03d4038,0.9417396618455898
ck_1be8cb95d6d9bbf8,0.6239559991851701
ck_8e16a64a776afa82,0.8720717050315746
ck_34bd190d37eda534,0.6439193318394785
ck_4f521611ae14ae66,0.11427989407211245
ck_d839798f9520363e,0.8822570788347932
ck_d1bbfd246c0ac9d5,0.8172743939702587
ck_f19030e6e85a6776,0.7901812996536973
ck_cdabe60ab59f9d5a,0.6921980036667346
ck_bb84b2b30293f566,0.9425544917498472
ck_427b91925952cb40,0.42045223059686293
ck_1078b1e155b5b640,0.2868201262986352
ck_95fdc264eac72fa0,0.3137095131391322
ck_e35eb857c61548b2,0.9733143206355673
ck_69bd0b1abea7e1f0,0.9170910572418007
ck_59de511b20c842ba,0.8290894275819922
ck_168e7ea341a36b80,0.12405785292320227
ck_4937cfa6526ea138,0.4785088612752088
ck_bb1a981306b750ac,0.8040334080260746
ck_f42a43e4c3f34ccd,0.23813403951925036
ck_c7ae1d4b3ab38185,0.050519454063964145
ck_bd23cf9bba1dd33f,0.7333469138317377
ck_0fd826fad7ec7cd6,0.8370340191485027
ck_f143641bf3dd0414,0.6991240578529232
ck_ad6d48c20a3688a7,0.2548380525565288
ck_7bda5b5b927b2905,0.66775310653901
ck_a337eb38eefdcc88,0.8523120798533306
ck_403da2a2d800df9f,0.8066816052149114
ck_aa01d5aafde73d0a,0.23528213485434915
ck_494954023f0eb309,0.7873293949887961
ck_1c6820fc38135ad9,0.3754328783866368
ck_0e0bab173622db9b,0.8567936443267468
ck_547090bf35a3b243,0.17865145650845385
ck_d69455220b21dc9b,0.4499898146261968
ck_90b4ac695b9c6bf7,0.07516805866775311
ck_8d2afe17c0082e6a,0.8062741902627827
ck_926b81c0ba528eee,0.8187003463027093
ck_ce36b0c287bd198e,0.7492360969647586
ck_8026e017909aaa6c,0.126094927683846
ck_dfba788f35d4c372,0.07964962314116929
ck_f09f9d0e0886e0c6,0.25687512731717255
ck_4ffe0366df388604,0.6575677327357914
ck_75bb521de55644c7,0.4023222652271338
ck_81a960fddf79ecf1,0.9743328580158892
ck_8f43459991ea511f,0.11570584640456305
ck_f878b68d66fbfd4b,0.0859645548991648
ck_e84abfc0c747c9dd,0.9704624159706661
ck_3ad3fd3cceb56b66,0.9509064982684865
ck_7cf562578c7f158a,0.24465267875331026
ck_f81a97d350397306,0.8256264004888979
ck_255d87b7fb40caa5,0.39926665308616827
ck_b3905153b9eee924,0.6388266449378692
ck_2c80a592fb4cd6a3,0.3444693420248523
ck_57deb202d4188a29,0.18028111631696883
ck_e3cb5f31d8e94448,0.9955184355265838
ck_0db62d5f7f75f80f,0.5269912405785292
ck_ced9163ea85589ea,0.8973314320635567
ck_e16528edc694fb33,0.9855367691994297
ck_78cc5ec4940fec3b,0.5491953554695458
ck_31742076e9a998f8,0.8229782033000611
ck_5ac335f02280271e,0.7435322876349562
ck_7cc2e091806cfa5b,0.7828478305153799
ck_3152c7115257f084,0.2515787329394989
ck_ab1b9d019921bca7,0.5451212059482583
ck_c33a762d98f9b290,0.12792829496842534
ck_b16a7c51b6f7a6b1,0.8853126909757588
ck_97402a153348e68f,0.1762069667956814
ck_95391029a21caa24,0.5868812385414545
ck_c2015a1200971fe9,0.4506009370543899
ck_ed4427962c68918c,0.9720920757791811
ck_c5e4a17d3efb19a4,0.8938684049704624
ck_8aec3d3dd51517c2,0.11733550621307802
ck_f5178a658225d8e4,0.03890812792829497
ck_8594f165e95316d2,0.11753921368914239
ck_f0c4aac04076a6dc,0.19291097983295988
ck_ac2f7397801036ef,0.48808311265023424
ck_d1ea4bcc407c7d5e,0.4269708698309228
ck_cce8b6657a538fe0,0.7881442248930536
ck_66d0c6d6b67a8d58,0.2536158077001426
ck_1a6b30320835e57e,0.4799348136076594
ck_8cd274cc85aa35d1,0.7099205540843349
ck_ada46085a78280e4,0.4363414137298839
ck_ce1b06623e4a815e,0.3848034222855979
ck_45e70c8a9686580c,0.7814218781829293
ck_0084d8ab6b1044f3,0.4011000203707476
ck_a5f7b6fed6df2aba,0.7058464045630475
ck_94940d783e7988e6,0.19800366673456915
ck_00f9ca84d1d8ae7a,0.2762273375432878
ck_0deb56f3f6452818,0.1647993481360766
ck_a58e900469dfc3f0,0.27256060297412915
ck_028c41b195280980,0.3304135261764107
ck_7661d7ceaeb19f97,0.8127928294968425
ck_6957905a65c47879,0.51537991444286
ck_f7c6c26ef3c4ae06,0.3652475045834182
ck_8777beb11aabd66d,0.229170910572418
ck_7db098a17374bbf8,0.9775921776329192
ck_66aeb00e44486cda,0.9315542880423712
ck_838c52cc1d315ec3,0.8879608881645956
ck_1745847cd4e5dc83,0.5019352210226116
ck_201687857ec8b3cc,0.38235893257282544
ck_81818169208a8cda,0.2627826441230393
ck_3303fd3f64632c7c,0.8957017722550418
ck_edf1096809e83ef8,0.12996536972906905
ck_235ce9603c7dccbf,0.634345080464453
ck_9df7e153868bca13,0.31778366266041963
ck_3cfeade2cf270fee,0.594825830107965
ck_982b0bf2e2b6c4f7,0.207781625585659
ck_faeb0da678bb86c0,0.4053778773680994
ck_e86ad2fe815b6ed9,0.8390710939091465
ck_70d69e5d1bb99e85,0.42656345487879405
ck_7e9a8924eab779e6,0.9562028926461601
ck_019d5891103e7da3,0.3344876756976981
ck_14f0484b3817eda5,0.6498268486453452
ck_85de63d278f0fbae,0.028519046649012017
ck_ae91b4cff57fb3bf,0.5070279079242208
ck_2a6d43b9f883b78e,0.9350173151354655
ck_7a4e3d553e8ab5b7,0.8647382358932573
ck_fdf89dc69f700f84,0.8134039519250357
ck_f92e04024bf13558,0.03911183540435934
ck_4a522ca2dc4831a0,0.001425952332450601
ck_68ba25dc3385fea1,0.4990833163577103
ck_22128a4f0d033422,0.5781218170706864
ck_5b52ee0a13c71590,0.14850275005092686
ck_59472d17debedafc,0.7410877979221837
ck_9dde2c63acda3ba3,0.32206151965777147
ck_7510b1023cd08531,0.5102872275412508
ck_071ddaaf2e4e3671,0.1146873090242412
ck_1355db6f4010232a,0.37848849052760236
ck_0a7adc2f27f98510,0.8313302098187003
ck_68250033717cd59e,0.2892646160114076
ck_7c12de74de30b788,0.9246282338561825
ck_65491367584c730c,0.6722346710124262
ck_e9047964952bee70,0.6557343654512121
ck_5567779d6ba184eb,0.49276838459971484
ck_d6ea026357ec6477,0.4465267875331025
ck_cd7dcc884e283746,0.84762680790385
ck_0bd77fea8ed75a15,0.18802200040741496
ck_e80883208e8d0453,0.6162151150947239
ck_2ad0ecbacd5acf8e,0.9822774495823997
ck_6c1dbee7e8fdd5c8,0.6626604196374007
ck_ee4d9a7449515908,0.2974129150539825
ck_636111f7f030496c,0.10368710531676513
ck_2c629c657f73941f,0.5343247097168466
ck_c1c9d3842d758420,0.8193114687309024
ck_e4df7faacdfe8c40,0.38785903442656344
ck_94e8142728e44380,0.6883275616215115
ck_765aaf42c5088545,0.28193114687309023
ck_e0f845159b6e6a4a,0.6506416785496028
ck_5bc07deb82edbad7,0.18068853126909756
ck_713159c5c6a7a4d0,0.9991851700957425
ck_b08afc91d9ca55db,0.5716031778366266
ck_a7bc323ffed2ea97,0.9132206151965777
ck_85ca825f905a34a1,0.49887960888164595
ck_33160c443d4b3f19,0.6659197392544306
ck_832d39c590a3ca75,0.9843145243430433
ck_7d1661a34164406e,0.9674068038297006
ck_c2466fc40fc9d5ed,0.9916479934813608
ck_ed0e776c0926ce67,0.8274597677734773
ck_cdd2ebeec75bfa69,0.9502953758402933
ck_d7877684c7923ec3,0.44958239967406805
ck_7384d4d2406aabf4,0.1440211855775107
ck_b8e5244e650aa81b,0.6080668160521491
ck_25a1ea40b2d59254,0.3230800570380933
ck_b9e5b318ee4de68d,0.4347117539213689
ck_620d7ae27af83cea,0.34080260745569363
ck_40b4e264d1a12b83,0.9531472805051946
ck_b694c803b62862b3,0.7579955184355266
ck_cbeca201dbade3e5,0.7048278671827256
ck_f9b439c9161c3e52,0.12589122020778162
ck_9880410fcd10a28e,0.09859441841515583
ck_74928f5f91aa12b2,0.7777551436137706
ck_b6673bbe61d2680d,0.5889183133020982
ck_53c8315b5c30acb4,0.23161540028519045
ck_78f01d78ea79642f,0.46587899775921776
ck_8582490d6e365a63,0.5807700142595233
ck_af25c72d16299258,0.1711142798940721
ck_7905fe8e257b0449,0.8859238134039519
ck_0d16d9349e4a9e08,0.5777144021185577
ck_31b16b8848584e98,0.46099001833367287
ck_67207e3eecc02d76,0.7920146669382766
ck_e6b95ff91116a592,0.3962110409452027
ck_c08f622bcd6de6e7,0.5923813403951925
ck_f9a68da9e0f0bc85,0.3809329802403748
ck_4072b59388976896,0.40598899979629255
ck_8ec86e853ad52828,0.806477897738847
ck_4fecb87eaffd5cb5,0.1717254023222652
ck_d6880578428b965e,0.8402933387655327
ck_bfc82b3c1c9f2897,0.9386840497046242
ck_c340644176ca03e7,0.15420655938072927
ck_321e740066fb05c3,0.9329802403748217
ck_8929d2eb09872052,0.9028315339172948
ck_205c107cec528414,0.9496842534121003
ck_e76db7d2562f9836,0.2263190059075168
ck_9ede51c8434cff6e,0.591566510490935
ck_492e4b89c61b7b6c,0.6001222244856387
ck_9385f5a1eeebefcd,0.644734161743736
ck_ee52c7bf88f952ab,0.24587492360969648
ck_d8116c34302021d7,0.07822367080871868
ck_01645ea51972e99a,0.6598085149724995
ck_7b45ed23304a854b,0.1812996536972907
ck_2096d32f3d497ea1,0.8138113668771644
ck_dfbb2056f1ef7d3b,0.24118965166021594
ck_938ce30c864bc7df,0.05988999796292524
ck_ff30dda2c881a4bd,0.9191281320024445
ck_f88c79186a082beb,0.8844978610715013
ck_08c7bb0f9851cb76,0.7960888164595641
ck_2675e7a008e584a7,0.7219392951721328
ck_cbaf8a954281d4e3,0.9784070075371766
ck_8b24eadf6c72b30c,0.9411285394173966
ck_ffc8e3c1377d0706,0.13240985944184153
ck_5b59e859bed5b40e,0.3742106335302506
ck_7b61717f172f9317,0.96598085149725
ck_e5c30947b732f661,0.8987573843960074
ck_bc273f3ce79f7e1a,0.2929313505805663
ck_f69e93388b3028cb,0.9093501731513547
ck_3837ad850996ba60,0.40517416989203503
ck_36d78ff3bc033ee5,0.6547158280708902
ck_5e20953547ba4135,0.8657567732735791
ck_258d661e450ac870,0.40130372784681195
ck_1df66f537496ca59,0.6746791607251986
ck_361f535599110201,0.5874923609696476
ck_337e98c69f6e7886,0.6156039926665309
ck_d3d5b2717cfc3913,0.6767162354858424
ck_b1dba768dbe7affe,0.7148095335098799
ck_92d782bd9ce0d1e3,0.6697901812996537
ck_26bd0f8898afc8ba,0.1252800977795885
ck_7916e53daab36745,0.6294561010389081
ck_2caf553b31831a50,0.49154613974332856
ck_c6200734c7f9b2f9,0.9710735383988592
ck_cdc55623cb16e6a9,0.03646363821552251
ck_57849e15b61c43b4,0.11305764921572621
ck_b7af9b2ee0eebbc6,0.7380321857812182
ck_00aa5fc3b3bc66aa,0.7844774903238949
ck_9929723f65636c7f,0.980851497249949
ck_8f6cce9f69912983,0.31676512528009776
ck_c422ba389ff00781,0.0006111224281931147
ck_9ec7f334604a228f,0.5703809329802404
ck_5d01200ba3341462,0.41495212874312487
ck_2bf10be403849c9a,0.19596659197392544
ck_6ca018259f70858f,0.28987573843960074
ck_a54dc042ebb7c766,0.8354043593399878
ck_79da63fc100830b5,0.3387655326950499
ck_67ab6f9e05c85085,0.465471582807089
ck_fa80da579ea9afc0,0.17091057241800775
ck_4339f86c87289222,0.9604807496435119
ck_a2299b4f530be0d6,0.9071093909146466
ck_19db0bf788697c2b,0.6229374618048482
ck_fa4211c4d826d830,0.12120594825830108
ck_96100d5e8e051e91,0.12772458749236096
ck_5c3a671883d58b3f,0.012833570992055409
ck_2d9524787cfe1ab3,0.953962110409452
ck_47ab8e51e5b3a2d8,0.20065186392340598
ck_c924f36bc1bbbaa3,0.4858423304135262
ck_5c58e7f8fd55e26c,0.5720105927887553
ck_a07e7409d6d5aa06,0.6111224281931147
ck_c8413898f5f7cb7d,0.5194540639641475
ck_577c816b41cab002,0.9881849663882665
ck_9f7807ed64cdb728,0.7785699735180281
ck_495d814d6d6d521e,0.006722346710124261
ck_7aa8bc018c2b003b,0.06844571195762884
ck_7c3a6a82f3c3241d,0.2750050926869016
ck_487f7fbc290e4ae2,0.09064982684864535
ck_e556c4d36aadbe03,0.11652067630882053
ck_7e6569a1b2455cb0,0.14524343043389693
ck_de2924955926d046,0.7394581381136688
ck_73d60b4630e3937a,0.08413118761458546
ck_805ee564bd35ef15,0.7714402118557752
ck_0d40961e47797027,0.3153391729476472
ck_f06d00a4f9c87d80,0.1861886331228356
ck_5ef50fb07b6737d5,0.3668771643919332
ck_16541fc15683e21c,0.5331024648604604
ck_09fd43f1b7e2eca2,0.0637604400081483
ck_2a2c336a69b8d68d,0.578936646974944
ck_2685f38930866af0,0.640863719698513
ck_298278a9da874437,0.7757180688531269
ck_00bd7803f2530c68,0.5775106946424934
ck_c2b4a1d8c0b6c1cd,0.008759421470767977
ck_2acb54ca20c3af6c,0.6186596048074965
ck_e3d4b6f681c783ab,0.7080871867997556
ck_f90293f1eba5d7b6,0.7755143613770625
ck_e69d27e8965df0be,0.22122631900590753
ck_b7f5d10b427346ad,0.21898553676919943
ck_1ce20e4223a936b1,0.5516398451823182
ck_6b97d1ab90f6bdeb,0.8449786107150132
ck_e30e17db5473c7b2,0.41535954369525363
ck_154c8efb19dee665,0.33143206355673255
ck_6f5bb0c930644cae,0.9995925850478713
ck_9e17699baa83d173,0.2615603992666531
ck_9693b1eb70880205,0.19107761254838052
ck_1e97899875bb427b,0.6862904868608678
ck_558a82590f65df69,0.10837237726624567
ck_18df83242ff3cdbb,0.9566103075982889
ck_80ad4396e1084c68,0.7366062334487675
ck_0a993bc947bab61f,0.525768995722143
ck_5c2d43ff841632f9,0.07944591566510491
ck_6e4b99fb9725d9fa,0.46078631085760846
ck_e0983999ca26c19e,0.7237726624567121
ck_6573c4947cc8607e,0.7969036463638216
ck_d879d645d6e44207,0.541658178855164
ck_1375ad9f10688e4a,0.18089223874516194
ck_7501ebbf4e21f160,0.19902220411489102
ck_ca60d61cd4dc3bea,0.16418822570788347
ck_ab9ea095a5c58b4b,0.34874719902220414
ck_23756522b58df5d8,0.15929924628233857
ck_90bc176c43d85fd5,0.877164391933184
ck_908b663b2dda94ad,0.6278264412303931
ck_4df2fb8e4b649e27,0.02342635974740273
ck_5615c6bbdef05291,0.8631085760847423
ck_b62f3e3185251f71,0.18374414341006315
ck_38d1a22850178f33,0.13933591362803016
ck_5b3ba20c8bb1383b,0.5369729069056834
ck_5576ffc6aaf6f22c,0.0666123446730495
ck_cf7a022178165e56,0.34711753921368915
ck_f2c7a4c50e2ede96,0.3960073334691383
ck_285719c77eadf915,0.1081686697901813
ck_f2aa1b677619ab19,0.42391525768995725
ck_3830c58d841e9e69,0.9083316357710328
ck_32eba3510c8eac5e,0.5606029741291505
ck_8955d7b9030d5eb5,0.8427378284783051
ck_6775e387dace7525,0.4998981462619678
ck_0a0cd7f4be606a93,0.6581788551639846
ck_a9f700eee5d638df,0.39009981666327154
ck_3d7db96995745472,0.6924017111427989
ck_aeed557007d52e9c,0.07435322876349562
ck_79b6a86830156b5a,0.461601140761866
ck_6a1ff9d69466181c,0.9963332654308413
ck_f11b1565f986f5e3,0.22183744143410064
ck_4819327a78615485,0.8345895294357303
ck_3ed9e081959b2f5c,0.6809940924831941
ck_16af4be191c47d3d,0.08840904461193726
ck_25122cc0e8b1a662,0.6302709309431657
ck_509c22828d467ba3,0.8435526583825627
ck_31109c899336348d,0.9124057852923202
ck_c51131e53baa59c7,0.1611326135669179
ck_cf8ecabbc61d3e11,0.22509676105113058
ck_eb6baff0f85ba936,0.42004481564473417
ck_777669e2243204f2,0.9547769403137095
ck_ac0ea27e692acdc9,0.6541047056426971
ck_4c6ea04ce8ca9e2c,0.05214911387247912
ck_ca54b32fca7e94cd,0.3361173355062131
ck_4dfd8947f540eb24,0.5398248115705846
ck_95aff1fe27fb24bb,0.44286005296394376
ck_c7550723b90e5615,0.17274393970258708
ck_57b3fee69bdf85e8,0.055408433489509065
ck_f823407ace7ff064,0.7744958239967407
ck_a69084a068bcc8aa,0.8529232022815237
ck_c7b17f7b24bef5d7,0.13016907720513343
ck_7c4e588f927c27c8,0.6469749439804441
ck_77fdac602d0c6f95,0.7543287838663679
ck_e963d8525018d072,0.495620289264616
ck_6e8ebaea8f7bffaf,0.12487268282745977
ck_aa42976a31cb7770,0.3424322672642086
ck_22c862a496008c96,0.9983703401914851
ck_527550dd15f38782,0.712161336321043
ck_b3ab3c210e2c7c19,0.4561010389081279
ck_ed9c56fdb9f45ddc,0.927072723568955
ck_b53281da70defcfa,0.26767162354858426
ck_03009b721568ee98,0.7797922183744144
ck_3d9afd862b3f4053,0.9225911590955388
ck_ad3c4be96599554a,0.1969851293542473
ck_d1c787c27d50af49,0.47932369117946627
ck_c7a9c7b2eef46a99,0.33061723365247503
ck_53036d3c6c74446c,0.8916276227337543
ck_1b1efbd9c0964c8d,0.7078834793236912
ck_d66f42a269d5c1ed,0.6657160317783662
ck_fefc49a2b8ad993e,0.1560399266653086
ck_8b3b874249adece9,0.8272560602974129
ck_193d9c87ad3f1dad,0.022815237319209616
ck_0c6a50d747593b7b,0.3023018944795274
ck_c830f3830875b47a,0.5840293338765533
ck_79e202f06d8dfe42,0.8374414341006315
ck_5c0fe988b8aa7fcb,0.8309227948665716
ck_a8382d8345f21e1e,0.2884497861071501
ck_8cb20053914692d0,0.6325117131798736
ck_1da2f69023ca4c13,0.012426156039926665
ck_38abb60995114f8f,0.740680382970055
ck_f5791fd8fd8fd191,0.7268282745976777
ck_a4e6fc391b674335,0.9097575881034834
ck_bd771efb4a7e15d0,0.26135669179058874
ck_38ba4a6b6a292054,0.6029741291505398
ck_f7a07283345a0dce,0.21165206763088204
ck_87dc484baaf5a23a,0.14891016500305562
ck_c84ef83489badbfd,0.7164391933183948
ck_a397cd64ec5d644b,0.2305968629048686
ck_7977135c2ff61e92,0.5084538602566714
ck_52174855b243a8b0,0.6832348747199022
ck_0f35e930d0614613,0.9879812589122021
ck_b170a7db522a0d6f,0.36443267467916074
ck_7af748a23775bd54,0.9154613974332858
ck_52f641c9ee6fda70,0.45508250152780605
ck_c3719a30414bbb4d,0.9179058871460583
ck_2baf214ad6bc0dbf,0.8315339172947647
ck_8b39d8aacfdd72b4,0.3159502953758403
ck_d39b0152116203be,0.1482990425748625
ck_ed33f8a937f9c7c8,0.2542269301283357
ck_8ef97b55a5fd6ec9,0.3546547158280709
ck_8247f008a14bd1a2,0.23446730495009166
ck_f0d349d68249d5db,0.09003870442045223
ck_a544e766540861fc,0.9142391525768996
ck_9dfaca4c7c80b10d,0.7392544306376044
ck_7e5401c362b2216a,0.01303727846811978
ck_64ff60c073fdb6db,0.6514565084538603
ck_fc5ea49518e5d637,0.18455897331432064
ck_580f136ced341298,0.19963332654308413
ck_9cbef9bc95449dca,0.3236911794662864
ck_e475a3b8ba870a7e,0.2717457730698717
ck_97e94708bcf43563,0.25748624974536566
ck_13f03ec785cbdae1,0.06477897738847016
ck_152820d8817f478c,0.5290283153391729
ck_d20d4ba60eec9945,0.6341413729883887
ck_5c45968a805132e0,0.41882257078834795
ck_bebea2cf3063fb24,0.7217355876960685
ck_c3c69aefe7ea1d2f,0.4125076390303524
ck_02028b72f26fe855,0.6901609289060908
ck_dfadff70a58a9133,0.05642697086983092
ck_6482ed4491bedcaf,0.15135465471582807
ck_754cd7b4a5ae3f94,0.6494194336932165
ck_3132857aec8485bc,0.11815033611733551
ck_7ce4ca91b8f9f1c1,0.49378692198003665
ck_41938582f4351772,0.3143206355673253
ck_f87d66946252476c,0.8421267060501121
ck_8053f1879a9b4e43,0.1110205744550825
ck_93892e91387f5103,0.610715013240986
ck_15254db133b28371,0.8341821144836016
ck_d557b9feb241b3ec,0.11061315950295376
ck_71c3a8e4c12c989f,0.08698309227948665
ck_80e3041811033443,0.8099409248319414
ck_3380d60067b4634b,0.026481971888368303
ck_a9c2cdc758df8510,0.5917702179669994
ck_3c0031d7514da17b,0.4412303931554288
ck_18d214b1418be39d,0.04807496435119169
ck_7ce768407fd48321,0.38011815033611734
ck_7a50abd42298133b,0.2880423711550214
ck_2db10f987d137582,0.29985740476675493
ck_e077d004cd1d80ae,0.5196577714402119
ck_1cb6dc67f9a321b5,0.6492157262171522
ck_b864f64101149c35,0.942961906701976
ck_9bedf54df9418e4a,0.4206559380729273
ck_c47e32c47f0e6578,0.8834793236911794
ck_71f382d5e338daa3,0.34630270930943163
ck_14b4bf7be6ac2b61,0.737421063353025
ck_5c87eea1cc07cc92,0.7924220818904054
ck_5f445182829ef342,0.4088409044611937
ck_a5d7311291caaa54,0.19005907516805867
ck_b7df99aecef385e6,0.7378284783051537
ck_3327a0582407068b,0.191892442452638
ck_08dba09fd7dab896,0.7019759625178245
ck_f4ec334be5266378,0.4673049500916684
ck_240f7f894c5a86e7,0.11855775106946424
ck_a9d994554fc14a02,0.004481564473416175
ck_13648cbd306eee6d,0.4286005296394378
ck_601edf9105b3c321,0.991240578529232
ck_9527adac182abe57,0.9570177225504176
ck_4e0e80f5cc271bf7,0.04074149521287431
ck_96a89e720176b389,0.7364025259727032
ck_63560eec94b76d2f,0.2908942758199226
ck_c9c99e5b19aeced8,0.17070686494194337
ck_bc32655ee5ed643e,0.6699938887757181
ck_edccb5a93b741744,0.34935832145039725
ck_f786cbc987b70930,0.32796903646363823
ck_0e8f26536ccc8947,0.6630678345895294
ck_b87ef4b98cfcec4c,0.7072723568954981
ck_1a9235812de4b2c1,0.4398044408229782
ck_d1ed88ea4211ba4d,0.03116724383784885
ck_a4ddac49657a4450,0.8572010592788756
ck_d9ffca35188e49d8,0.6296598085149725
ck_3db73bbe03c3d240,0.2519861478916276
ck_fffa0622344a36ab,0.1904664901201874
ck_148c28df51bba5e9,0.9584436748828682
ck_076cbc25c8f15fc3,0.9686290486860868
ck_e5ca550b39ed45bf,0.9594622122631901
ck_8dacf3a2061ca17d,0.436952536158077
ck_2d7394afd61643d0,0.44021185577510696
ck_e42206e91f6a1752,0.5033611733550621
ck_2f4f94827984c426,0.06681605214911387
ck_edfe8e90e8f4366e,0.11509472397636994
ck_646b15f753e5e9c6,0.793848034222856
ck_66600620149c8799,0.18863312283560807
ck_4ff6fc70bccfba96,0.9449989814626196
ck_41af3729590c2484,0.170503157465879
ck_920a48ba8c583e96,0.36932165410470563
ck_0253b3e7be021306,0.030963536361784477
ck_2ae6949246ea2648,0.3746180484823793
ck_db23a5100f338d72,0.45467508657567735
ck_fcb2a559474c3493,0.34141372988388674
ck_0a4d7acd2a53cbbd,0.2322265227133836
ck_c5d62b2b7a6f3bac,0.9637400692605419
ck_cf59f4fc0ea690b2,0.2428193114687309
ck_837be8126bb19250,0.017518842941535953
ck_58955542edee1adc,0.023833774699531473
ck_1b93381d8eea58d1,0.037482175595844366
ck_97b8e05d62abdc14,0.5866775310653901
ck_71a0d645744302a3,0.3249134243226726
ck_a7b57882ab66b111,0.38358117742921166
ck_65f76421be648549,0.4324709716846608
ck_b53ea8713d32ca7c,0.6795681401507435
ck_991c4c924a1d85ff,0.9804440822978203
ck_8432ccec1a4ec7fd,0.9834996944387859
ck_64c1633297f43788,0.5964554899164799
ck_4291fd9c1161d8e1,0.6459564066001222
ck_5e98ed6391d9f429,0.5744550825015278
ck_c7baebe4549fdbb4,0.6292523935628438
ck_6e67225ba59fa5ae,0.822367080871868
ck_719602def4d35fe0,0.5145650845386026
ck_bdee7c86f5ebe81f,0.731920961499287
ck_8de38f8c7f91961f,0.4964351191688735
ck_b0b5bf9254700402,0.15216948462008556
ck_7b55d9bb1a250d4f,0.6510490935017316
ck_3954b7b0fd1d6614,0.0623344876756977
ck_f29471fe7c818d6a,0.30678345895294357
ck_9e65a8a2f587691a,0.30006111224281934
ck_eaec5f1a83b66eb0,0.8594418415155837
ck_004fe0daecbe2c1a,0.4326746791607252
ck_d17653a4a2d4a79e,0.8441637808107557
ck_0dd417fcbf19e424,0.5108983499694438
ck_4c99a6eadea143e2,0.8231819107761255
ck_74d602c907ee9119,0.08616826237522918
ck_1aa87cb62acc0ac6,0.6567529028315339
ck_094974d75e29fb2f,0.790588714605826
ck_5ef935ac3d4d3332,0.49215726217152167
ck_b26e4ae47c9107ed,0.9370543898961092
ck_396cea6f95186ad2,0.6958647382358932
ck_48446a9e8184c7d4,0.28559788144224896
ck_31e1ede23247d56b,0.5198614789162762
ck_7afefa349b960a3e,0.3332654308413119
ck_f5e02a3432571b20,0.7498472193929517
ck_64eefec062592c43,0.15787329394988797
ck_a1201284122c141f,0.6539009981666327
ck_1b34c420a4c85a95,0.32837645141576693
ck_d637a011332ba67a,0.15868812385414544
ck_99c0004d8b7079f8,0.3943776736606233
ck_948517bad569b40f,0.8144224893053575
ck_a28d6b1601b472a6,0.6983092279486657
ck_a0b4209feb31f5c0,1.0
ck_d6d2c1f6dfc455b6,0.9138317376247709
ck_3f9e6d356d3dd3cf,0.605826033815441
ck_d08e00c842b75176,0.3277653289875738
ck_bfdd232a7c5f2660,0.8396822163373395
ck_2cdad03ed069438c,0.4711753921368914
ck_42317c3eabd0a285,0.8726828274597678
ck_3eb73e56751c704d,0.6999388877571807
ck_ef33c04f4c9e3758,0.47015685475656954
ck_1dc23dc870f1773d,0.6966795681401508
ck_76091f357974a152,0.5139539621104094
ck_4d9eb75e8eee90fd,0.7036056223263394
ck_578f67e69e5d2cfd,0.1739661845589733
ck_3a8ce1cc724229b8,0.09757588103483397
ck_a96887f841e80fc1,0.8920350376858831
ck_d2d4a8f4a9f2c33f,0.48034222855978814
ck_11f85bc705dbe036,0.6934202485231208
ck_7429b3f87528e335,0.39295172132817274
ck_26df74feac7ec51d,0.4019148502750051
ck_c78b2638fadd91ab,0.3200244448971277
ck_7eaad325abe3b50c,0.06172336524750458
ck_fd44e34af620e606,0.5899368506824201
ck_f99738dff854e25f,0.24180077408840905
ck_1ffbce3a239bb264,0.33204318598492566
ck_96c7d52ba0a766ef,0.7031982073742107
ck_cb1c00c300af3f9e,0.11366877164391934
ck_ec3d12848ced99f2,0.7751069464249338
ck_26cfd7c3c6c7bf69,0.29333876553269506
ck_7ae86b5a885affc3,0.827867182725606
ck_3edaa94d28cd48ea,0.6822163373395803
ck_3209c530c9812e39,0.16378081075575474
ck_ea62ebfc1f04b49a,0.3350987981258912
ck_5fc90b4668ea81bf,0.4039519250356488
ck_95654593cdebd141,0.07129761662253005
ck_958c0bd61820147f,0.5673253208392748
ck_8440ef1386c07194,0.275208800162966
ck_8cd1b68dd74b1375,0.870034630270931
ck_c9eb4df91ff07f2c,0.7928294968425341
ck_c29489366c01fe65,0.9965369729069057
ck_c965fd6bec0f0ecd,0.7294764717865145
ck_84c402b23766e1f2,0.6363821552250968
ck_181f3dae03b87136,0.6866979018129965
ck_022a8ae79eb28cf6,0.9867590140558159
ck_469c17407d17b706,0.6628641271134651
ck_1fcc5843f39148a9,0.18720717050315747
ck_5debd55f361b2ddf,0.4404155632511713
ck_28cb9b03e89263f1,0.04114891016500306
ck_f067470743d3c7a2,0.7801996333265431
ck_d5d225ce41a1a762,0.3389692401711143
ck_15b4840922195ffd,0.5131391322061519
ck_6bcfa37c717f19f1,0.8781829293135058
ck_8d501a0386c66be8,0.8620900387044205
ck_1a9d6190c57ea7e2,0.9144428600529639
ck_c49832eabdac5bb7,0.20370747606437156
ck_b4331140b2e0d4aa,0.1269097575881035
ck_5efbea1befdefe1b,0.8637196985129354
ck_72ff52c4824072ce,0.8331635771032797
ck_ec3715add8bbb6e9,0.02179669993888776
ck_9822f8ed05335741,0.6950499083316358
ck_c3d7d3d12a1981a3,0.317987370136484
ck_a115a7919ac5875a,0.4935832145039723
ck_4dd4ed23e0b927b7,0.8036259930739458
ck_4c76efcc1ee6762d,0.6516602159299246
ck_3ad6e7bf452c9b21,0.4127113465064168
ck_dcbab304b55a42c7,0.6881238541454472
ck_24b53090faf722cf,0.44448971277245874
ck_187317383400491d,0.5365654919535547
ck_e07fd57565c94c28,0.8115705846404563
ck_740e760fdcd27835,0.01181503361173355
ck_d3796aebda1cfed5,0.9478508861275209
ck_e541967c681cb929,0.5573436545121206
ck_431118050b834dcb,0.42085964554899163
ck_90f3655f0c8a0074,0.02607455693623956
ck_13cd943777651aac,0.45589733143206357
ck_66accecabf3901c0,0.8282745976777348
ck_937f0da2306b2eb9,0.6740680382970055
ck_105b0c93573fd5b7,0.6347524954165817
ck_00480407160e0743,0.1947443471175392
ck_e032068be7b77d15,0.6669382766347525
ck_991b7dfd69098320,0.05968629048686087
ck_37d47cf0f34574a2,0.09492768384599715
ck_011551a596544f5d,0.20818904053778775
ck_9acd98f4fe2d474e,0.7258097372173559
ck_7c88d3d377bb61bb,0.5163984518231819
ck_e2374c7136c964fd,0.8514972499490732
ck_2fa8f2577116e9ca,0.785088612752088
ck_d07c5b0321c685ea,0.8769606844571196
ck_bc736114a31088a7,0.5286209003870442
ck_32bb42f9bff197f8,0.7879405174169892
ck_66267bbad1f1415f,0.992870238337747
ck_19988702ccd79201,0.5249541658178856
ck_f473a03fbcdbc4b0,0.04624159706661234
ck_e3f1d85fa5d49396,0.42880423711550214
ck_c4402ea6291df271,0.7199022204114891
ck_243bd5ca8c4ae5d0,0.08820533713587289
ck_f271e855925e8d6b,0.8761458545528621
ck_e424148c6f2223df,0.05113057649215726
ck_e4d0a9e1102a58b5,0.5314728050519454
ck_91c2a5fe69b9b1d1,0.5734365451212059
ck_5fd8924732fe403e,0.9250356488083112
ck_9a881d5433126ada,0.2342635974740273
ck_73cab88b29c7845d,0.8164595640660012
ck_5b5dea6476d4e182,0.26420859645548994
ck_ccccb17d2ca6ce94,0.7958851089834997
ck_cd1dc68e441222b1,0.9727031982073742
ck_8312c49b1431a406,0.575677327357914
ck_25fea39897f2a559,0.5104909350173151
ck_f56200205280bddf,0.6463638215522509
ck_7336611650dcc088,0.022611529843145243
ck_590716322ff147ae,0.7488286820126299
ck_c82364d87875a1a1,0.6335302505601955
ck_fa4b60387d744fc5,0.1138724791199837
ck_d841eba8906e9a15,0.48482379303320433
ck_d6df562a79b9d0d9,0.4190262782644123
ck_59a14d2564193101,0.0996129557954777
ck_8530158e3d7f59e7,0.4247300875942147
ck_ac68d707006c12a8,0.7396618455897331
ck_976fac1bb3dd8c58,0.7133835811774292
ck_f854fba8f4adae3d,0.8323487471990222
ck_b98e9c3ec6e7d1e7,0.21307801996333264
ck_803c0b4cf9d4bc1d,0.4772866164188226
ck_76997a33c3ea5107,0.04359339987777552
ck_f1a9d832b700bda1,0.9812589122020778
ck_2bd96ddb8c323d63,0.9993888775718068
ck_9e5b7acf51b1b743,0.6441230393155429
ck_09169f22194fd6aa,0.8319413322468935
ck_6d69e092f9b0848b,0.7838663678957017
ck_9f83fa5a2d3b9049,0.3731920961499287
ck_57bbb19eecb4b87c,0.001018537380321858
ck_e0e9cfabb979f428,0.3921368914239153
ck_b1ff9edc51d42f97,0.16235485842330413
ck_4682fad271d47eb0,0.9759625178244041
ck_ab33fb754c818ae3,0.7651252800977796
ck_b456f62b80e21557,0.07414952128743126
ck_16340be3f2a7fffd,0.008555713994703605
ck_ce66831f6611014c,0.26400488897942553
ck_4610a073bb54d1b1,0.8305153799144429
ck_fd038a7d33a9d6e5,0.16500305561214096
ck_c8198cb4c461304f,0.5496027704216745
ck_1e7de58822000dea,0.2106335302505602
ck_b2a79dd3df560f14,0.7414952128743125
ck_74a06f347b32347f,0.6429007944591566
ck_c6fdb2972417c9bd,0.6653086168262375
ck_d7607a213b800bfb,0.6312894683234874
ck_df65967b8b40319c,0.09920554084334895
ck_329a73dbd585ee09,0.156243634141373
ck_74991a9e85c3b07d,0.7602363006722347
ck_bb76609b79e0bc9f,0.660623344876757
ck_f7fc1bd0b9ab1fa4,0.6068445711957628
ck_d111c98b36bdb791,0.04990833163577103
ck_f07e27d125497b66,0.5318802200040742
ck_093e3a7134e11d6b,0.6734569158688124
ck_862c7953bdea48b0,0.1927072723568955
ck_392cf2cdd515c34d,0.3876553269504991
ck_80eb91b0b4001084,0.82012629863516
ck_5923f53b77193a58,0.6655123243023019
ck_8049f5fce32be185,0.9519250356488083
ck_ebc5a2c6cf88e252,0.7095131391322061
ck_9ea5872f14cce338,0.5933998777755144
ck_f7fbc95ebf584379,0.360765940110002
ck_bafe82c870356706,0.9924628233856182
ck_278b36c5932d9bff,0.2277449582399674
ck_6a892dd5d05c1649,0.45243430433896925
ck_0734fd90b2cabd43,0.2845793440619271
ck_9b552204498b6762,0.42208189040537786
ck_f6c909c205767956,0.5872886534935832
ck_32f590e87bc3d715,0.08046445304542676
ck_66a8325f28be7562,0.17152169484620086
ck_b129261da9c3c3c9,0.3047463841922999
ck_a524071c51ddde20,0.648604603788959
ck_ba576d6d4cb6130b,0.8783866367895702
ck_8d8226520722af78,0.6834385821959665
ck_c5b0f0d4f1655a20,0.7480138521083723
ck_61814ae9b6d8eab1,0.3687105316765125
ck_382ebf136f7fa337,0.9103687105316766
ck_423ff4ede6a9f066,0.296598085149725
ck_546ad962d04b7de4,0.9944998981462619
ck_9473ea4a01c95f9a,0.8946832348747199
ck_9eb1da8cd35a50ce,0.35771032796903646
ck_de5eaa2cdbcb67ff,0.7239763699327766
ck_537cc97d0398c922,0.9148502750050926
ck_998475a2e4dfad4e,0.18883683031167245
ck_e62eb708d2688fae,0.19026278264412305
ck_ea623358f704daa7,0.8407007537176614
ck_b911a09f328dfd4b,0.054797311061315954
ck_4b3506b624e5193c,0.5522509676105113
ck_448456f96788713b,0.8887757180688531
ck_5d5ef9e75f65d076,0.5039722957832552
ck_3b74512f774a6e5a,0.10633530250560196
ck_a032e8ac1507c6df,0.9635363617844774
ck_7e2d6b22a0ae20c2,0.7865145650845387
ck_d80283209c963f11,0.21613363210429823
ck_d1157eade2ac3975,0.3790996129557955
ck_be48f583f79427f7,0.4536565491953555
ck_0027b5d4107d65d8,0.77958851089835
ck_94fff69584dd3b2a,0.6496231411692809
ck_75fcda73f0b43557,0.4962314116928091
ck_a1c78972e4ee4082,0.8225707883479324
ck_f0982bbdbd122f91,0.2957832552454675
ck_3199b471575aeb3a,0.08779792218374415
ck_7fa947a0b1c1cf74,0.8288857201059279
ck_a60c618b7f0e4252,0.18231819107761255
ck_722ac47c8ac9b6c3,0.9242208189040538
ck_d44dc3839a195c8a,0.7005500101853738
ck_a2c3e82fab520483,0.5402322265227134
ck_6f8ae0319c07cafe,0.20859645548991648
ck_49886ff1e2c759d6,0.6170299449989814
ck_150a1108f936e6b0,0.046445304542676716
ck_e21f9f96f597695b,0.5595844367488286
ck_7297bff2b7fdcbc8,0.12629863515991036
ck_ee949c71f4f702eb,0.9898146261967814
ck_6fc37dea4b4f35c6,0.7946628641271135
ck_e76257caa98dc25d,0.969851293542473
ck_828eef2334e17b3a,0.6453452841719292
ck_604e1b8a8c693aa7,0.7341617437359951
ck_7743c9fe037d1f9e,0.6850682420044816
ck_864a11202e19e812,0.7783662660419638
ck_4ec040b9e3785e4a,0.2456712161336321
ck_7346e4f820d9c00a,0.9553880627419026
ck_48d4d63beb26b623,0.24546750865756772
ck_c423aa6de3ed1e01,0.21817070686494194
ck_d74b2ead8aaa3f73,0.5245467508657568
ck_1dd69a11daa7bf1a,0.8500712976166225
ck_d9143e236eef177f,0.6200855571399471
ck_f790d91e5ff0eccd,0.9187207170503158
ck_69b5620e00ef5dec,0.05276023630067223
ck_cd32e58e8a1c0e85,0.47871256875127316
ck_064013b0957d87a5,0.9877775514361377
ck_a481385c2e60dc4a,0.38867386433082096
ck_d72035cb29db3aa4,0.3518028111631697
ck_3759939a0205306d,0.5074353228763495
ck_f437a53fc832ec95,0.9264616011407618
ck_260ef2f3e6434819,0.800977795885109
ck_35e411b05d22f663,0.3534324709716847
ck_8bf46e472f3e20de,0.8814422489305358
ck_d546994fc5d3e9d1,0.22244856386229375
ck_6ff0fc7487e737e7,0.9117946628641271
ck_5c67f27816ae0b6f,0.26461601140761865
ck_c5517923458106ae,0.42228559788144227
ck_d9735647a6b0b0a7,0.9107761254838053
ck_541a734fc457246f,0.43287838663678957
ck_2f6a639468f41043,0.26481971888368305
ck_bea2cf7a6b7bb900,0.07639030352413934
ck_7eebd0e6ad6c070e,0.7038093298024037
ck_b64c87d5e3b10e6a,0.9631289468323487
ck_9dd7daacb7833233,0.6475860664086373
ck_396e9ea9a6c6d7d9,0.8237930332043186
ck_1645e6cc53fa99ff,0.6355673253208393
ck_ea2a83ccb8d57490,0.17029944998981464
ck_e64f0df63e1be595,0.7691994296190671
ck_fa0b234481cb57d3,0.7508657567732736
ck_63379e3c9fe6f711,0.817478101446323
ck_c67f7944896a0310,0.4587492360969648
ck_c10e54c9db29e6ef,0.9859441841515584
ck_7184ad7709ae4c80,0.431452434304339
ck_f8b6069d7577fde6,0.025259727031982072
ck_18444be153bac1ca,0.9576288449786107
ck_d0982b4e0e118e4d,0.37217355876960684
ck_6faf3e6820398866,0.5463434508046445
ck_97e980463aca4644,0.04848237930332043
ck_630c835243c66b19,0.9820737421063354
ck_fe429ba3e1aa0e4f,0.5980851497249949
ck_1058129ed7b48c59,0.4571195762884498
ck_04a1a46f07885296,0.5506213078019964
ck_f01e94331067edf6,0.2906905683438582
ck_77b2fb17c29f5e72,0.5041760032593197
ck_4f0c5857da45fb28,0.8425341210022408
ck_2cfb9a7775e8a5bc,0.9708698309227949
ck_6846100e43659bf3,0.081686697901813
ck_f89719a854fe11d7,0.683642289672031
ck_bf47375e41ca3bc0,0.08494601751884294
ck_2770b0400a7bef08,0.8959054797311061
ck_2a09d142de1c77ff,0.4459156651049094
ck_857a1f5547b9ad68,0.37624770829089427
ck_185f15b1523bbcf4,0.4078223670808719
ck_ab2aed614ec1cdf8,0.6651049093501732
ck_a9e7f3b2d5dfd97b,0.06600122224485638
ck_0eeb3d9b3e697edb,0.13159502953758404
ck_fa5830d81bc8ddc1,0.08718679975555103
ck_231ae0329ebc3220,0.28763495620289264
ck_1587763dd54688c9,0.6182521898553677
ck_9f85fea4490c00cf,0.5251578732939499
ck_a2d709e7eb91e4af,0.7150132409859442
ck_43637d28c7216453,0.24893053575066204
ck_f3ab5dd853d38252,0.7097168466082705
ck_4a1f0172d3bf4fd3,0.7749032389488695
ck_517620ca16505af0,0.38561825218985535
ck_9ae904fbef56065c,0.047056426970869834
ck_d5ef1f6e34bb35b8,0.5764921572621715
ck_ff42557857ae3aeb,0.10715013240985945
ck_ad9a18f58589faa7,0.09207577918109594
ck_df1a6edaa3e6b271,0.39580362599307395
ck_99021fe7225b5a68,0.7162354858423304
ck_99e52c3c2530b69e,0.9934813607659401
ck_3a4811dc4a1a891d,0.2271338358117743
ck_ba3a6be026c87079,0.21592992462823385
ck_da6d1e5cf6aba6fd,0.6092890609085353
ck_ddc7c1f3d45fe6e6,0.6121409655734366
ck_e1b1e7a7e4a15b3e,0.31961702994499896
ck_8288f7f226e08b89,0.06151965777144021
ck_c4524993ec31dbe5,0.25117131798737014
ck_8b19bb5b23b6741c,0.6027704216744755
ck_d21b38231a8a9f4a,0.8718679975555103
ck_3f730318a9792292,0.49724994907313097
ck_a4db6e94a8f77f9d,0.8292931350580567
ck_a8cac8d480306839,0.29720920757791813
ck_5472214011fbc2a7,0.2413933591362803
ck_7356f47dbbbe7904,0.14055815848441638
ck_16801e628e883d78,0.5762884497861072
ck_0dc1e536231c4860,0.38643308209411287
ck_7cd0634a6e60af83,0.6316968832756162
ck_ef6f8e048ae1bd4b,0.33652475045834185
ck_82f3f744209888ac,0.6241597066612344
ck_f33188c232a03526,0.9227948665716031
ck_4a59f4e10bf45d7f,0.13872479119983702
ck_d96c893721385e4e,0.20533713587288654
ck_f65ab819373edb37,0.43165614178040335
ck_21cac21fc10b7768,0.061927072723568954
ck_139b54e6ccbdd7da,0.8166632715420656
ck_d6f5c8741697abb3,0.7353839885923813
ck_a28d9bb5590d458f,0.8724791199837034
ck_ed26d906883bea0a,0.19515176206966794
ck_227602ad072b838b,0.00896312894683235
ck_39d5f6c17c745ab1,0.12813200244448972
ck_744eade757ba69b5,0.5801588918313302
ck_c1295d97cdf35ec2,0.5096761051130576
ck_69105f881da3c821,0.5347321246689754
ck_933789b55361d7c1,0.932572825422693
ck_b667952253503174,0.30902424118965166
ck_7bf668e25abeeb05,0.3581177429211652
ck_91742711dfdffd56,0.7412915053982481
ck_af32a0660090dd68,0.7431248726828275
ck_2122f201e65f76ee,0.3660623344876757
ck_f48acb73a5d6af07,0.6031778366266042
ck_337c5684510cf432,0.5828070890201671
ck_f7bde7265053364d,0.547158280708902
ck_c190c7b924edba75,0.9018129965369729
ck_044fa3b3a003f0b5,0.24974536565491953
ck_87eb43e3b9d96169,0.8136076594011
ck_2d3d6c9364362017,0.04970462415970666
ck_ac55dc6cbcdf8228,0.16948462008555715
ck_61d7b0568ec5d6cf,0.59319617029945
ck_89c74feeaffa7d09,0.06294561010389081
ck_93776b0c113f41f0,0.8569973518028111
ck_15e0b679931f7a8d,0.24017111427989407
ck_77b56c49cfdb1d81,0.8914239152576899
ck_73188a826b5f499f,0.10266856793644327
ck_4f463ef25325ddfa,0.9272764310450193
ck_863db2e394dc47d1,0.9684253412100224
ck_d52432ed597f3cc9,0.18109594622122632
ck_04fb61e5739642f8,0.9054797311061316
ck_2e481d75d110c06d,0.9115909553880628
ck_3fa1a523d77cd619,0.33550621307802
ck_466dc6274fecd708,0.5850478712568751
ck_e1790b3aa2241b10,0.9598696272153188
ck_84ad096a46e1a960,0.6852719494805459
ck_3be72c9c178fa00d,0.7736809940924831
ck_5a17c89219d1d9fe,0.15481768180892239
ck_4f639f4ee6ce8d9e,0.7956814015074353
ck_f4ec4a935e51b4db,0.6394377673660623
ck_f04040a830f92bac,0.19617029944998982
ck_3e4d02a04be2aaf8,0.8694235078427378
ck_4d1baef193cfb900,0.7818292931350581
ck_0fb3153d37626b75,0.15522509676105112
ck_88ec57a11b11f702,0.9761662253004685
ck_dca9dc465f759db4,0.05072316154002852
ck_64f5fba6af67e024,0.7361988184966388
ck_896096cb167254ef,0.5976777347728661
ck_7878679065876b98,0.6763088205337136
ck_fe8e5a6c880ceb4e,0.18354043593399877
ck_a5e036327d3d1862,0.016092890609085354
ck_310f73940fc4cf4f,0.39784070075371764
ck_46a8db16ad00b749,0.5333061723365248
ck_0d33977c3de8cfaf,0.9949073130983908
ck_c6fff412f531db0f,0.026889386840497045
ck_bac6dadf428eaea9,0.7630882053371358
ck_1b96d9af0d7da2d5,0.09635363617844775
ck_fa8a4a9e77799fcc,0.44163780810755754
ck_0bf48607a874b4d1,0.08392748013852108
ck_eeb75f8a6439f65e,0.5390099816663272
ck_a209a5f7d172125e,0.5414544713790996
ck_8f346b72fb40bf14,0.2701161132613567
ck_bccbf9fef367f00f,0.7781625585658993
ck_2d1548f1ee405cc9,0.5111020574455083
ck_e8298ff2dc1e9d50,0.2041148910165003
ck_77c0fb524edb4a94,0.4491749847219393
ck_28ac4c5134cb8e77,0.7419026278264412
ck_db23a0e3e54be60c,0.9490731309839071
ck_a059d00cee5cee99,0.20513342839682217
ck_3e9e3bba8bd363af,0.3130983907109391
ck_0428728df24cdab4,0.23507842737828477
ck_88cd35378075c84f,0.19657771440211855
ck_0174d76398d9dc0f,0.3467101242615604
ck_3f1287e6c27de0dc,0.05316765125280098
ck_ff822700f3605e06,0.9902220411489102
ck_4563227b2038ae07,0.5846404563047464
ck_788e78065526ee19,0.7455693623955999
ck_8a16eb584093b12f,0.18639234059889997
ck_cc276f71ab6c08fd,0.7730698716642901
ck_d61d97b21002f3e9,0.8643308209411286
ck_4b2e87d86a5e415c,0.7889590547973111
ck_3e6f35e4500d2f2a,0.05764921572621715
ck_3acdb083e0d8ad61,0.16805866775310654
ck_cd655202db489010,0.23915257689957223
ck_829cbf5ccda481ae,0.1397433285801589
ck_f5882e6f98b8b4cd,0.15196577714402118
ck_767947540b234add,0.26115298431452433
ck_a6e8e8f535b1f1d1,0.7869219800366674
ck_58412a2674fea506,0.07476064371562437
ck_fae7e518a585fa61,0.7115502138928499
ck_9c60ae6958d68dbd,0.7710327969036463
ck_328696b8f5e54ec6,0.8557751069464249
ck_7df3f8f4f1068d62,0.2328376451415767
ck_cfadd21458230ef7,0.2556528824607863
ck_7048bedd554c703b,0.06783458952943573
ck_50422466f145bfd7,0.303727846811978
ck_61e1f7168cd9ff25,0.5253615807700143
ck_733aff0f56f5b3c9,0.7871256875127317
ck_e14892e424180549,0.14605826033815442
ck_03f6664a96de7d0f,0.4267671623548584
ck_b7f4baa2cc82fe61,0.14992870238337747
ck_1e51199a075ca0fa,0.2951721328172744
ck_0e70516fa07cfb17,0.9513139132206152
ck_0f37c554a5057801,0.9529435730291301
ck_5576b725de38d106,0.3560806681605215
ck_82f360df1e9f4eb8,0.8466082705235282
ck_395f3bd4aacd7ca6,0.15705846404563048
ck_5e8e857b63966609,0.9160725198614789
ck_93470896f0804b6b,0.964351191688735
ck_3be854e42e76569a,0.41434100631493176
ck_0567302c57a2417e,0.8362191892442452
ck_ee535461b5f05539,0.950702790792422
ck_94a096c36162a153,0.4055815848441638
ck_dfc8f5c141fd7c63,0.5308616826237523
ck_98b34f2d704c1c2a,0.4308413118761458
ck_96dff7a09d45f116,0.43226726420859646
ck_79557434c129ba52,0.30963536361784477
ck_4596624a7c01d501,0.24404155632511712
ck_04e89fbd739243fa,0.1432063556732532
ck_6149ffaf18872dc8,0.1576695864738236
ck_cd78f0832a09bd8f,0.9472397636993277
ck_7e29c10d781c3b41,0.1434100631493176
ck_1f7ee7b23fc6f2f4,0.03157465878997759
ck_c49b685d2b3ab89a,0.6115298431452434
ck_84569a8fc50e73ac,0.504379710735384
ck_b92b11d205af91eb,0.015278060704827868
ck_06280e6d6d2485b0,0.36158077001425953
ck_3c08546dd0c92863,0.5791403544510083
ck_99d3983f907828bf,0.2587084946017519
ck_eccfd552aa652d3c,0.6329191281320025
ck_0cff8153881875ba,0.5728254226930128
ck_c1aebbeca6ab5ff9,0.048889794255449176
ck_538fdbbb3c2bcbbb,0.5956406600122225
ck_8c0210322733c718,0.1719291097983296
ck_0b0c93039f987abc,0.48523120798533304
ck_6d07d6d1bd227d37,0.9064982684864534
ck_9b6ee35e8cd0b11c,0.10979832959869627
ck_d838491d3d4f5ecf,0.19576288449786108
ck_0593ae243a9ebee9,0.47606437156243636
ck_ef261fc09be8eb0b,0.1067427174577307
ck_d0935b571a4a3868,0.6960684457119576
ck_97d04a67a104af39,0.8459971480953351
ck_e25f70d0b7229420,0.6382155225096761
ck_9b71274ff83de482,0.9688327561621511
ck_6de2aa2bb60978d3,0.5881034833978407
ck_eda55c8fb47593d7,0.4626196781421878
ck_924e572517515f19,0.9368506824200448
ck_d6f27eacbad310f4,0.3538398859238134
ck_8550f229b5eb03ab,0.25626400488897944
ck_e3e95546a84d0ed8,0.6797718476268079
ck_3135c019696ee6af,0.9755551028722754
ck_41ba315d8fccb559,0.4613974332858016
ck_72b86e4485da2d0f,0.9814626196781422
ck_daaa995f3c2f0e47,0.7117539213689142
ck_053746067839696b,0.4644530454267672
ck_a15fe7d0f4b65c33,0.9629252393562844
ck_15de11438732bb05,0.31900590751680585
ck_2c4d25acbe3fabd9,0.881034833978407
ck_7f08078908599bd2,0.7441434100631493
ck_e794741742fb2619,0.5697698105520472
ck_238e53b6dee8c301,0.036056223263393763
ck_53a6a33060d5c8b8,0.07618659604807497
ck_0e0919292ad33472,0.9745365654919536
ck_d86ccf148c06c8c8,0.7657364025259727
ck_c881f26c9bf9ae42,0.9174984721939295
ck_4b0947bf94e9d847,0.2900794459156651
ck_e10ff5c38bd18470,0.4391933183947851
ck_b60de9e97aad9e45,0.9861478916276227
ck_190bc849e5ff5401,0.8364228967203097
ck_e7be077aa0b2632c,0.1210022407822367
ck_a51abde881ebeff3,0.586066408637197
ck_2208392a9f6bd249,0.5978814422489306
ck_0259da8f109017e9,0.10327969036463638
ck_05e01ab9c95449da,0.7514768792014667
ck_c82897ebffb6ae66,0.6086779384803422
ck_b4a6bb4689cd7cfa,0.564677123650438
ck_9e21ea33018ce538,0.5569362395599918
ck_caa348f0e65db062,0.9832959869627216
ck_a964e6b5d8415334,0.9046649012018741
ck_510bfbbee37ff436,0.6840497046241597
ck_9741a82faf5c7889,0.8684049704624159
ck_e7f61b4a39ba98ac,0.4304338969240171
ck_069d158665a53909,0.7223467101242615
ck_6426427efe3228af,0.663882664493787
ck_ab4a8d02ec3c0fd7,0.0034630270930943166
ck_aefa0d8d933e0eca,0.41148910165003055
ck_232325ef6bce92f1,0.4184151558362192
ck_14e58c3fb26a2b4d,0.7229578325524547
ck_06e73afdec26aecc,0.8445711957628845
ck_3168f4f2778d64e1,0.5740476675493991
ck_ff3998d6858daa21,0.05581584844163781
ck_bccff46fb0868454,0.8411081686697902
ck_c7d444d90fa86d7c,0.8519046649012019
ck_f0bc3bdee6bfbb94,0.561417804033408
ck_f7112818a6d81422,0.5062130780199633
ck_aca35dbcb835ad02,0.8056630678345895
ck_f637fabf0f60528f,0.5386025667141984
ck_53d17ab97de1ac3e,0.48319413322468935
ck_c8c1bf16d9113493,0.8017926257893665
ck_e842fb0cf055a83b,0.7076797718476268
ck_93c0cb3dac4891fe,0.3689142391525769
ck_0c1f088e17e46daf,0.809737217355877
ck_8f4b384955bf57c9,0.5174169892035038
ck_09cd5c4df1e81ac2,0.9211652067630882
ck_1e832a5b2342554f,0.8592381340395192
ck_2cb763a881aee27f,0.11590955388062742
ck_5875828b11406398,0.4104705642697087
ck_48e84b0cb0b90fa7,0.6231411692809126
ck_833688de8629c5c0,0.15339172947647178
ck_117d78ccd5820f36,0.3473212466897535
ck_668ec61c4c39cae3,0.5443063760440008
ck_73a7794b659d7a34,0.5379914442860053
ck_10f90d879209734f,0.6926054186188633
ck_d1d079913aa158bf,0.0780199633326543
ck_01c631b38e8a9535,0.5151762069667957
ck_f6923088c17a04e2,0.7011611326135669
ck_b447badc9138987d,0.04257486249745366
ck_8b772caed8f1541c,0.36667345691586883
ck_5403c76fe68a08ba,0.8751273171725402
ck_3e6833574edf1736,0.8802200040741496
ck_e527fbb9450a4581,0.9771847626807904
ck_cc90e219f1ebf390,0.10939091464656753
